job_titles,experience_levels,similarity_scores,processing_times,missing_skills_counts
Full Stack Developer,junior_developer,0.24233091,1.226811170578003,4
Full Stack Developer,junior_developer,0.36394948,0.20745205879211426,2
DevOps Engineer,junior_developer,0.29218552,0.33846592903137207,56
Software Engineer,junior_developer,0.31741646,0.28620314598083496,103
Software Engineer,junior_developer,0.37381694,0.2679870128631592,261
Software Engineer,junior_developer,0.30477613,0.2495899200439453,92
DevOps Engineer,junior_developer,0.28985155,0.24770522117614746,110
DevOps Engineer,junior_developer,0.27218124,0.2400519847869873,75
DevOps Engineer,junior_developer,0.3817678,0.19063878059387207,32
Software Engineer,junior_developer,0.44604054,0.24135470390319824,71
Software Engineer,junior_developer,0.45340836,0.24597501754760742,57
DevOps Engineer,junior_developer,0.35979372,0.2069559097290039,27
Software Engineer,junior_developer,0.2951294,0.24541187286376953,96
DevOps Engineer,junior_developer,0.41022623,0.23872613906860352,59
DevOps Engineer,junior_developer,0.24504039,0.24190902709960938,135
DevOps Engineer,junior_developer,0.36538967,0.24633288383483887,130
DevOps Engineer,junior_developer,0.44189954,0.1722888946533203,18
Full Stack Developer,junior_developer,0.36720806,0.2582521438598633,3
DevOps Engineer,junior_developer,0.19859827,0.2608761787414551,109
DevOps Engineer,junior_developer,0.109769225,0.24901390075683594,230
Full Stack Developer,junior_developer,0.387676,0.2645561695098877,2
Full Stack Developer,junior_developer,0.3517624,0.21152496337890625,1
Full Stack Developer,junior_developer,0.46967995,0.11356616020202637,1
Software Engineer,junior_developer,0.39384216,0.27454185485839844,70
DevOps Engineer,junior_developer,0.3681864,0.1815929412841797,26
Full Stack Developer,junior_developer,0.33257887,0.25641679763793945,2
Software Engineer,junior_developer,0.39845014,0.24045276641845703,158
Software Engineer,junior_developer,0.4985722,0.12964081764221191,22
DevOps Engineer,junior_developer,0.43354526,0.24393486976623535,28
Software Engineer,junior_developer,0.31069738,0.2427659034729004,108
Full Stack Developer,junior_developer,0.2573073,0.21334218978881836,2
DevOps Engineer,junior_developer,0.2404044,0.2370450496673584,95
DevOps Engineer,junior_developer,0.21907671,0.24540376663208008,93
Full Stack Developer,junior_developer,0.3694771,0.25980615615844727,2
Full Stack Developer,junior_developer,0.32073826,0.25078916549682617,4
Full Stack Developer,junior_developer,0.28336263,0.23993587493896484,6
Full Stack Developer,junior_developer,0.3155342,0.3127627372741699,3
Full Stack Developer,junior_developer,0.33241236,0.24190998077392578,5
Full Stack Developer,junior_developer,0.36852112,0.2719416618347168,4
Software Engineer,junior_developer,0.47969836,0.26041388511657715,83
Software Engineer,junior_developer,0.3753036,0.24764323234558105,157
Full Stack Developer,junior_developer,0.42183393,0.2211911678314209,2
Software Engineer,junior_developer,0.32497,0.26598024368286133,125
Software Engineer,junior_developer,0.3558833,0.21720075607299805,65
Software Engineer,junior_developer,0.3910262,0.18924713134765625,35
Full Stack Developer,junior_developer,0.4111871,0.20586800575256348,3
Full Stack Developer,junior_developer,0.38567516,0.2755551338195801,2
DevOps Engineer,junior_developer,0.28482473,0.23797202110290527,103
Full Stack Developer,junior_developer,0.26361728,0.26607680320739746,1
Software Engineer,junior_developer,0.5977688,0.08427119255065918,15
DevOps Engineer,junior_developer,0.395491,0.2548859119415283,35
DevOps Engineer,junior_developer,0.38366663,0.24778175354003906,148
DevOps Engineer,junior_developer,0.34736598,0.250593900680542,165
Full Stack Developer,junior_developer,0.31524286,0.27424120903015137,5
Full Stack Developer,junior_developer,0.4577288,0.2408437728881836,7
Software Engineer,junior_developer,0.63177156,0.24323773384094238,122
DevOps Engineer,junior_developer,0.36147735,0.2400498390197754,44
Full Stack Developer,junior_developer,0.25787142,0.27086329460144043,1
Full Stack Developer,junior_developer,0.28224298,0.1686420440673828,1
DevOps Engineer,junior_developer,0.26981625,0.24248814582824707,220
Software Engineer,junior_developer,0.34481698,0.25669312477111816,116
Software Engineer,junior_developer,0.3048092,0.24808692932128906,211
Software Engineer,junior_developer,0.44025385,0.04759979248046875,6
Software Engineer,junior_developer,0.45521328,0.2366349697113037,72
DevOps Engineer,junior_developer,0.27045715,0.16647005081176758,37
Full Stack Developer,junior_developer,0.24109095,0.265002965927124,8
DevOps Engineer,junior_developer,0.3043723,0.23506402969360352,67
Software Engineer,junior_developer,0.4833923,0.23716998100280762,56
Full Stack Developer,junior_developer,0.18579394,0.28318214416503906,8
Full Stack Developer,junior_developer,0.27211276,0.24387788772583008,4
Software Engineer,junior_developer,0.32191807,0.16290998458862305,39
Software Engineer,junior_developer,0.4399439,0.23865699768066406,104
Full Stack Developer,junior_developer,0.22420837,0.2907590866088867,1
Software Engineer,junior_developer,0.44414183,0.14858698844909668,13
Software Engineer,junior_developer,0.2527334,0.2155289649963379,46
Software Engineer,junior_developer,0.60182625,0.10666799545288086,19
Software Engineer,junior_developer,0.26812235,0.25017213821411133,138
Full Stack Developer,junior_developer,0.30164894,0.24933099746704102,2
Software Engineer,junior_developer,0.54126483,0.15290284156799316,43
Software Engineer,junior_developer,0.4435277,0.08711504936218262,15
DevOps Engineer,junior_developer,0.41787353,0.16544413566589355,29
Full Stack Developer,junior_developer,0.27364263,0.2534477710723877,2
DevOps Engineer,junior_developer,0.34463847,0.24136018753051758,173
Software Engineer,junior_developer,0.28540152,0.2432410717010498,155
DevOps Engineer,junior_developer,0.31696004,0.26330018043518066,61
Full Stack Developer,junior_developer,0.33810106,0.2564258575439453,9
DevOps Engineer,junior_developer,0.26498643,0.2524070739746094,74
Full Stack Developer,junior_developer,0.26983958,0.27196693420410156,5
Software Engineer,junior_developer,0.45327798,0.19356799125671387,34
DevOps Engineer,junior_developer,0.46054506,0.2037820816040039,36
Full Stack Developer,junior_developer,0.41632426,0.1828317642211914,3
Full Stack Developer,junior_developer,0.45175508,0.3063328266143799,5
DevOps Engineer,junior_developer,0.37232393,0.1012270450592041,10
DevOps Engineer,junior_developer,0.3588685,0.2425217628479004,147
Software Engineer,junior_developer,0.5190027,0.23398995399475098,43
DevOps Engineer,junior_developer,0.21858831,0.24762225151062012,223
Full Stack Developer,junior_developer,0.32571518,0.3046448230743408,3
Software Engineer,junior_developer,0.19792259,0.2356102466583252,104
Software Engineer,junior_developer,0.36187795,0.24372410774230957,154
Software Engineer,junior_developer,0.2189794,0.24951696395874023,141
DevOps Engineer,junior_developer,0.43098515,0.2415931224822998,82
DevOps Engineer,junior_developer,0.4605742,0.08542919158935547,7
DevOps Engineer,junior_developer,0.39698756,0.15301299095153809,34
Full Stack Developer,junior_developer,0.34960717,0.24338698387145996,8
Full Stack Developer,junior_developer,0.38497853,0.2617769241333008,1
Full Stack Developer,junior_developer,0.31545377,0.25075483322143555,3
Full Stack Developer,junior_developer,0.42458412,0.04633808135986328,1
Full Stack Developer,junior_developer,0.28990287,0.28125691413879395,7
Software Engineer,junior_developer,0.45465493,0.23421001434326172,82
Full Stack Developer,junior_developer,0.44621012,0.2207939624786377,4
Full Stack Developer,junior_developer,0.30193993,0.24789690971374512,10
Full Stack Developer,junior_developer,0.30124718,0.2802700996398926,4
DevOps Engineer,junior_developer,0.23426014,0.2376251220703125,109
Software Engineer,junior_developer,0.39928615,0.23884201049804688,74
Software Engineer,junior_developer,0.5845288,0.2373659610748291,126
Full Stack Developer,junior_developer,0.33011404,0.25467705726623535,3
DevOps Engineer,junior_developer,0.3126644,0.23991799354553223,111
Full Stack Developer,junior_developer,0.3441605,0.26180291175842285,3
Full Stack Developer,junior_developer,0.2279042,0.2710459232330322,7
Software Engineer,junior_developer,0.41442257,0.23372697830200195,51
Full Stack Developer,junior_developer,0.37895745,0.2896578311920166,4
Software Engineer,junior_developer,0.3591487,0.2504298686981201,160
Software Engineer,junior_developer,0.24337044,0.2520871162414551,161
Full Stack Developer,junior_developer,0.29566857,0.33136606216430664,6
Full Stack Developer,junior_developer,0.36785892,0.13087201118469238,3
Full Stack Developer,junior_developer,0.2756654,0.29784703254699707,5
DevOps Engineer,junior_developer,0.42704797,0.17941999435424805,44
Software Engineer,junior_developer,0.30430913,0.24470973014831543,30
DevOps Engineer,junior_developer,0.33467534,0.24447011947631836,113
Software Engineer,junior_developer,0.42414474,0.22364282608032227,89
Software Engineer,junior_developer,0.49189192,0.22392892837524414,109
Software Engineer,junior_developer,0.24435683,0.24977421760559082,155
DevOps Engineer,junior_developer,0.22481778,0.27168703079223633,173
Full Stack Developer,junior_developer,0.19153638,0.2863781452178955,7
DevOps Engineer,junior_developer,0.5053741,0.23465585708618164,86
Full Stack Developer,junior_developer,0.50435495,0.13863301277160645,2
Software Engineer,junior_developer,0.44864288,0.2347850799560547,71
DevOps Engineer,junior_developer,0.2871905,0.21355986595153809,74
DevOps Engineer,junior_developer,0.29553998,0.23662900924682617,119
DevOps Engineer,junior_developer,0.27466828,0.23016595840454102,116
DevOps Engineer,junior_developer,0.43322366,0.21620893478393555,82
DevOps Engineer,junior_developer,0.38085687,0.22059011459350586,127
DevOps Engineer,junior_developer,0.42716607,0.1130061149597168,17
Software Engineer,junior_developer,0.5529822,0.0717618465423584,18
Software Engineer,junior_developer,0.33803612,0.22018718719482422,130
Software Engineer,junior_developer,0.33677787,0.22478389739990234,133
Full Stack Developer,junior_developer,0.32819736,0.2946498394012451,3
Full Stack Developer,junior_developer,0.34005362,0.3567991256713867,8
Full Stack Developer,junior_developer,0.29319745,0.3205859661102295,4
Software Engineer,junior_developer,0.26812702,0.35073280334472656,139
Software Engineer,junior_developer,0.33252853,0.24604010581970215,82
DevOps Engineer,junior_developer,0.15218012,0.2780189514160156,175
Full Stack Developer,junior_developer,0.38342413,0.2499840259552002,1
Full Stack Developer,junior_developer,0.354416,0.270733118057251,4
Full Stack Developer,junior_developer,0.25448218,0.4147939682006836,2
DevOps Engineer,junior_developer,0.23127103,0.3484940528869629,160
DevOps Engineer,junior_developer,0.3329513,0.27980589866638184,63
Full Stack Developer,junior_developer,0.32262835,0.29316210746765137,6
Software Engineer,junior_developer,0.3355177,0.25841283798217773,96
DevOps Engineer,junior_developer,0.26187438,0.3328850269317627,239
Full Stack Developer,junior_developer,0.45489365,0.17457795143127441,2
Full Stack Developer,junior_developer,0.30802113,0.25832676887512207,1
DevOps Engineer,junior_developer,0.3877808,0.2835419178009033,158
Full Stack Developer,junior_developer,0.3348505,0.2869999408721924,2
Software Engineer,junior_developer,0.5486081,0.22833776473999023,46
Software Engineer,junior_developer,0.3270008,0.3001270294189453,121
Full Stack Developer,junior_developer,0.27646956,0.2547111511230469,4
Software Engineer,junior_developer,0.55133504,0.2514798641204834,122
Software Engineer,junior_developer,0.29708773,0.2899148464202881,131
Software Engineer,junior_developer,0.49920672,0.28408288955688477,172
Software Engineer,junior_developer,0.41476458,0.1445751190185547,15
Software Engineer,junior_developer,0.4560057,0.22031688690185547,55
Software Engineer,junior_developer,0.40128368,0.24371814727783203,87
Software Engineer,junior_developer,0.52925324,0.2492058277130127,130
Software Engineer,junior_developer,0.4257222,0.2515740394592285,100
DevOps Engineer,junior_developer,0.41591,0.2909388542175293,36
Software Engineer,junior_developer,0.5132471,0.2515699863433838,61
Full Stack Developer,junior_developer,0.31434715,0.3225257396697998,5
DevOps Engineer,junior_developer,0.37525988,0.24943828582763672,68
DevOps Engineer,junior_developer,0.4499603,0.2419581413269043,59
Software Engineer,junior_developer,0.5920502,0.29551196098327637,60
Software Engineer,junior_developer,0.49561012,0.12751007080078125,29
Software Engineer,junior_developer,0.28673336,0.10670089721679688,7
Software Engineer,junior_developer,0.5959712,0.2257680892944336,103
Software Engineer,junior_developer,0.2913432,0.27521395683288574,103
Full Stack Developer,junior_developer,0.23253617,0.2993459701538086,6
Full Stack Developer,junior_developer,0.30230707,0.30962705612182617,13
DevOps Engineer,junior_developer,0.27352515,0.26601696014404297,44
Full Stack Developer,junior_developer,0.3406275,0.2645139694213867,4
Full Stack Developer,junior_developer,0.5203055,0.19209885597229004,1
DevOps Engineer,junior_developer,0.48584282,0.11193180084228516,22
DevOps Engineer,junior_developer,0.31724846,0.1980118751525879,33
DevOps Engineer,junior_developer,0.29297101,0.2227020263671875,126
Software Engineer,junior_developer,0.4897805,0.21895503997802734,103
Software Engineer,junior_developer,0.3865728,0.11848282814025879,20
DevOps Engineer,junior_developer,0.3309418,0.27451395988464355,75
Full Stack Developer,junior_developer,0.36176622,0.19138693809509277,1
Software Engineer,junior_developer,0.2610524,0.2777431011199951,173
Full Stack Developer,junior_developer,0.3140666,0.3548119068145752,3
Full Stack Developer,junior_developer,0.3848851,0.26470279693603516,3
Software Engineer,junior_developer,0.47235084,0.25204014778137207,116
Full Stack Developer,junior_developer,0.31688872,0.2670011520385742,3
Software Engineer,junior_developer,0.2509868,0.24102783203125,63
Software Engineer,junior_developer,0.44267958,0.2493140697479248,215
Software Engineer,junior_developer,0.5143666,0.13810396194458008,17
DevOps Engineer,junior_developer,0.5115026,0.23939013481140137,51
DevOps Engineer,junior_developer,0.34330946,0.2567317485809326,124
DevOps Engineer,junior_developer,0.5145714,0.20649003982543945,47
Full Stack Developer,junior_developer,0.34962273,0.2559983730316162,1
Software Engineer,junior_developer,0.49324006,0.23798680305480957,52
Full Stack Developer,junior_developer,0.44363862,0.27147889137268066,1
Software Engineer,junior_developer,0.34650394,0.11144709587097168,8
Full Stack Developer,junior_developer,0.37554097,0.06604981422424316,1
DevOps Engineer,junior_developer,0.4225195,0.20312714576721191,45
DevOps Engineer,junior_developer,0.28933,0.10871601104736328,12
Software Engineer,junior_developer,0.3046121,0.23940300941467285,140
DevOps Engineer,junior_developer,0.28564763,0.238602876663208,75
Software Engineer,junior_developer,0.4622873,0.10393309593200684,9
Full Stack Developer,junior_developer,0.34126285,0.26120591163635254,4
Software Engineer,junior_developer,0.4295739,0.044565677642822266,6
DevOps Engineer,junior_developer,0.42684758,0.26746487617492676,117
DevOps Engineer,junior_developer,0.3923691,0.22074198722839355,43
DevOps Engineer,junior_developer,0.36935046,0.14201807975769043,16
DevOps Engineer,junior_developer,0.24592221,0.23532581329345703,21
Full Stack Developer,junior_developer,0.28565168,0.27286720275878906,2
DevOps Engineer,junior_developer,0.22151613,0.23887276649475098,128
Software Engineer,junior_developer,0.32691565,0.23430800437927246,49
DevOps Engineer,junior_developer,0.53437746,0.21583008766174316,38
Software Engineer,junior_developer,0.16633229,0.08605384826660156,16
Full Stack Developer,junior_developer,0.3689022,0.25861477851867676,2
DevOps Engineer,junior_developer,0.5735197,0.2407698631286621,87
DevOps Engineer,junior_developer,0.4336837,0.2631192207336426,42
Full Stack Developer,junior_developer,0.35536784,0.35709404945373535,2
Software Engineer,junior_developer,0.4099812,0.28960204124450684,155
DevOps Engineer,junior_developer,0.3745067,0.302886962890625,90
DevOps Engineer,junior_developer,0.47524804,0.2521858215332031,116
DevOps Engineer,junior_developer,0.2665867,0.3083319664001465,73
Full Stack Developer,junior_developer,0.39889508,0.2799711227416992,6
DevOps Engineer,junior_developer,0.21875893,0.2430250644683838,65
Full Stack Developer,junior_developer,0.40302747,0.25260400772094727,3
Software Engineer,junior_developer,0.5455282,0.0703129768371582,11
Software Engineer,junior_developer,0.58105,0.131378173828125,19
Full Stack Developer,junior_developer,0.30904227,0.3073420524597168,20
Software Engineer,junior_developer,0.18312274,0.24865508079528809,183
Software Engineer,junior_developer,0.5917276,0.2530081272125244,50
Software Engineer,junior_developer,0.5925076,0.1673429012298584,39
Full Stack Developer,junior_developer,0.4132849,0.24974393844604492,3
Full Stack Developer,junior_developer,0.3380239,0.26643824577331543,5
DevOps Engineer,junior_developer,0.5016248,0.0885169506072998,11
DevOps Engineer,junior_developer,0.47951892,0.14029741287231445,23
DevOps Engineer,junior_developer,0.37384927,0.06513404846191406,10
DevOps Engineer,junior_developer,0.45762634,0.1828300952911377,42
Full Stack Developer,junior_developer,0.22844066,0.19023489952087402,3
DevOps Engineer,junior_developer,0.3647974,0.2395181655883789,92
DevOps Engineer,junior_developer,0.43520528,0.24036812782287598,65
Full Stack Developer,junior_developer,0.24218899,0.3142971992492676,3
Full Stack Developer,junior_developer,0.12690856,0.25917911529541016,2
Software Engineer,junior_developer,0.46040267,0.23647212982177734,55
DevOps Engineer,junior_developer,0.25848278,0.2444767951965332,149
Full Stack Developer,junior_developer,0.4459405,0.18532204627990723,1
Software Engineer,junior_developer,0.5133407,0.2351078987121582,78
Full Stack Developer,junior_developer,0.3301922,0.25979089736938477,4
Full Stack Developer,junior_developer,0.400836,0.24961471557617188,4
Full Stack Developer,junior_developer,0.4125197,0.15688180923461914,2
Full Stack Developer,junior_developer,0.36623797,0.21591591835021973,3
Software Engineer,junior_developer,0.31262964,0.24627304077148438,146
Full Stack Developer,junior_developer,0.31442776,0.2529129981994629,7
Software Engineer,junior_developer,0.47468305,0.15347504615783691,43
Full Stack Developer,junior_developer,0.37906367,0.3011798858642578,3
Full Stack Developer,junior_developer,0.37237105,0.22256898880004883,2
DevOps Engineer,junior_developer,0.42002815,0.2561018466949463,137
DevOps Engineer,junior_developer,0.3928023,0.2540450096130371,59
Software Engineer,junior_developer,0.4713512,0.23427391052246094,87
Full Stack Developer,junior_developer,0.4160801,0.2116243839263916,1
Full Stack Developer,junior_developer,0.38499916,0.1809537410736084,1
DevOps Engineer,junior_developer,0.39059323,0.24657940864562988,70
Software Engineer,junior_developer,0.18082957,0.24252915382385254,165
DevOps Engineer,junior_developer,0.4182929,0.2634859085083008,129
DevOps Engineer,junior_developer,0.3673206,0.26108717918395996,134
DevOps Engineer,junior_developer,0.4542691,0.30414390563964844,51
Software Engineer,junior_developer,0.34581205,0.29985904693603516,146
Software Engineer,junior_developer,0.23866078,0.12649321556091309,15
DevOps Engineer,junior_developer,0.44291475,0.3021719455718994,32
Software Engineer,junior_developer,0.30157727,0.3129301071166992,159
Software Engineer,junior_developer,0.53539205,0.25281691551208496,40
Full Stack Developer,junior_developer,0.35521954,0.3161439895629883,5
Software Engineer,junior_developer,0.5026877,0.2536942958831787,169
Software Engineer,junior_developer,0.34910947,0.24258780479431152,68
Full Stack Developer,junior_developer,0.48115286,0.17281699180603027,6
Software Engineer,junior_developer,0.13795158,0.24779915809631348,182
Software Engineer,junior_developer,0.32037956,0.24850893020629883,124
DevOps Engineer,junior_developer,0.43772134,0.15436267852783203,18
Full Stack Developer,junior_developer,0.34626305,0.34058117866516113,1
DevOps Engineer,junior_developer,0.47510207,0.12087202072143555,31
DevOps Engineer,junior_developer,0.2977866,0.2397911548614502,131
DevOps Engineer,junior_developer,0.2837162,0.23472309112548828,104
DevOps Engineer,junior_developer,0.32922307,0.23575687408447266,49
Full Stack Developer,junior_developer,0.38500816,0.2856020927429199,8
Software Engineer,junior_developer,0.32282758,0.24718213081359863,163
DevOps Engineer,junior_developer,0.28594995,0.24451708793640137,140
DevOps Engineer,junior_developer,0.3406518,0.24407696723937988,156
DevOps Engineer,junior_developer,0.3999489,0.21758627891540527,48
Software Engineer,junior_developer,0.28789008,0.24602603912353516,139
Full Stack Developer,junior_developer,0.38328367,0.23130297660827637,2
Software Engineer,junior_developer,0.48421532,0.24847984313964844,169
Software Engineer,junior_developer,0.41144836,0.23265600204467773,39
Software Engineer,junior_developer,0.45701092,0.24221014976501465,184
Software Engineer,junior_developer,0.42465508,0.29534387588500977,105
DevOps Engineer,junior_developer,0.23602428,0.26771092414855957,232
DevOps Engineer,junior_developer,0.18766871,0.23729300498962402,86
DevOps Engineer,junior_developer,0.29671124,0.24170184135437012,116
Software Engineer,junior_developer,0.36932057,0.23664212226867676,81
Software Engineer,junior_developer,0.517255,0.2338700294494629,69
Full Stack Developer,junior_developer,0.5562855,0.11968803405761719,1
DevOps Engineer,junior_developer,0.3803251,0.23366189002990723,51
Software Engineer,junior_developer,0.30922595,0.24823808670043945,156
Full Stack Developer,junior_developer,0.20177457,0.2687859535217285,2
DevOps Engineer,junior_developer,0.34458458,0.23548007011413574,88
DevOps Engineer,junior_developer,0.34125823,0.17944598197937012,28
Software Engineer,junior_developer,0.6151049,0.2415480613708496,51
Full Stack Developer,junior_developer,0.3212808,0.2121138572692871,2
DevOps Engineer,junior_developer,0.41468126,0.16077899932861328,21
DevOps Engineer,junior_developer,0.23014215,0.24263405799865723,109
Software Engineer,junior_developer,0.40992475,0.23809218406677246,93
Full Stack Developer,junior_developer,0.45404342,0.2586212158203125,4
Software Engineer,junior_developer,0.3193992,0.24167895317077637,101
Software Engineer,junior_developer,0.47055715,0.23853206634521484,116
Full Stack Developer,junior_developer,0.35706267,0.2659878730773926,3
Software Engineer,junior_developer,0.43965572,0.23718619346618652,61
DevOps Engineer,junior_developer,0.38263577,0.2371211051940918,121
Full Stack Developer,junior_developer,0.4412633,0.2506229877471924,3
Software Engineer,junior_developer,0.289275,0.24137282371520996,139
DevOps Engineer,junior_developer,0.38621917,0.23849701881408691,48
Software Engineer,junior_developer,0.64988947,0.04438614845275879,2
DevOps Engineer,junior_developer,0.29156238,0.23471617698669434,101
DevOps Engineer,junior_developer,0.3848554,0.24529004096984863,111
DevOps Engineer,junior_developer,0.46774995,0.14632415771484375,25
Full Stack Developer,junior_developer,0.37202287,0.25800609588623047,2
Software Engineer,junior_developer,0.3957445,0.24250292778015137,159
DevOps Engineer,junior_developer,0.15517268,0.2671480178833008,316
DevOps Engineer,junior_developer,0.354071,0.30147314071655273,281
Full Stack Developer,junior_developer,0.3874014,0.06102490425109863,2
Full Stack Developer,junior_developer,0.54249597,0.11104798316955566,5
Software Engineer,junior_developer,0.49386227,0.10997796058654785,10
Software Engineer,junior_developer,0.34906405,0.21723389625549316,41
DevOps Engineer,junior_developer,0.45999712,0.24291777610778809,66
Full Stack Developer,junior_developer,0.31366748,0.2694098949432373,2
DevOps Engineer,junior_developer,0.22941197,0.23624610900878906,112
Software Engineer,junior_developer,0.32653266,0.2396707534790039,142
DevOps Engineer,junior_developer,0.39894342,0.23738813400268555,82
Full Stack Developer,junior_developer,0.47828984,0.2559840679168701,4
DevOps Engineer,junior_developer,0.32679483,0.22887182235717773,77
Software Engineer,junior_developer,0.4893694,0.24054813385009766,114
DevOps Engineer,junior_developer,0.3356573,0.24139618873596191,73
DevOps Engineer,junior_developer,0.31751218,0.236710786819458,104
DevOps Engineer,junior_developer,0.3295231,0.23864197731018066,69
DevOps Engineer,junior_developer,0.45934325,0.11367011070251465,20
DevOps Engineer,junior_developer,0.3506989,0.231917142868042,75
DevOps Engineer,junior_developer,0.20381972,0.2334117889404297,69
Full Stack Developer,junior_developer,0.4318232,0.23488879203796387,1
Software Engineer,junior_developer,0.5584289,0.23612117767333984,72
DevOps Engineer,junior_developer,0.22451863,0.24487709999084473,132
DevOps Engineer,junior_developer,0.32140124,0.24796414375305176,103
Software Engineer,junior_developer,0.49590796,0.2580280303955078,90
Software Engineer,junior_developer,0.45125538,0.24697184562683105,104
Full Stack Developer,junior_developer,0.34266418,0.27763819694519043,1
Software Engineer,junior_developer,0.22623868,0.1416640281677246,41
DevOps Engineer,junior_developer,0.36396396,0.2466108798980713,206
Full Stack Developer,junior_developer,0.49709576,0.18802666664123535,3
Software Engineer,junior_developer,0.29245207,0.2487318515777588,211
Software Engineer,junior_developer,0.45543477,0.12046599388122559,17
Software Engineer,junior_developer,0.20383653,0.0446012020111084,1
Software Engineer,junior_developer,0.4818563,0.24082183837890625,128
Software Engineer,junior_developer,0.40301627,0.235490083694458,74
Software Engineer,junior_developer,0.27888095,0.2419741153717041,177
DevOps Engineer,junior_developer,0.34069002,0.2442178726196289,157
DevOps Engineer,junior_developer,0.40030333,0.18556785583496094,32
DevOps Engineer,junior_developer,0.17726932,0.25973987579345703,122
Full Stack Developer,junior_developer,0.30714083,0.35422492027282715,4
Full Stack Developer,junior_developer,0.3418792,0.34412121772766113,2
Software Engineer,junior_developer,0.5631043,0.24070000648498535,81
Full Stack Developer,junior_developer,0.34011787,0.2530040740966797,2
Full Stack Developer,junior_developer,0.24891852,0.3038451671600342,4
Full Stack Developer,junior_developer,0.2684459,0.2549862861633301,5
DevOps Engineer,junior_developer,0.30278003,0.2698380947113037,210
Software Engineer,junior_developer,0.47963107,0.2782936096191406,74
DevOps Engineer,junior_developer,0.44570833,0.24590706825256348,154
Full Stack Developer,junior_developer,0.20254499,0.24983596801757812,7
DevOps Engineer,junior_developer,0.28911704,0.2379770278930664,63
DevOps Engineer,junior_developer,0.39036277,0.24092888832092285,144
Software Engineer,junior_developer,0.45040828,0.2404191493988037,111
Full Stack Developer,junior_developer,0.29626715,0.2648041248321533,1
DevOps Engineer,junior_developer,0.3515815,0.23465585708618164,56
Full Stack Developer,junior_developer,0.44134647,0.13576316833496094,3
DevOps Engineer,junior_developer,0.2722333,0.2716238498687744,78
DevOps Engineer,junior_developer,0.42954087,0.15294790267944336,28
Software Engineer,junior_developer,0.4375516,0.23829388618469238,97
Software Engineer,junior_developer,0.3766407,0.23765182495117188,113
Software Engineer,junior_developer,0.43856692,0.2388150691986084,95
DevOps Engineer,junior_developer,0.3267684,0.2456662654876709,155
DevOps Engineer,junior_developer,0.28736496,0.24391508102416992,118
Full Stack Developer,junior_developer,0.28626975,0.27520108222961426,2
Full Stack Developer,junior_developer,0.42837793,0.165632963180542,3
Software Engineer,junior_developer,0.5570409,0.2481849193572998,104
Software Engineer,junior_developer,0.41943595,0.24537205696105957,81
Software Engineer,junior_developer,0.29188615,0.3050801753997803,259
DevOps Engineer,junior_developer,0.36470708,0.2407371997833252,100
Software Engineer,junior_developer,0.5845273,0.24070096015930176,114
DevOps Engineer,junior_developer,0.26928824,0.24146509170532227,110
DevOps Engineer,junior_developer,0.2989332,0.24026966094970703,61
Software Engineer,junior_developer,0.53278077,0.23929905891418457,48
Software Engineer,junior_developer,0.44372278,0.16346502304077148,31
Full Stack Developer,junior_developer,0.31317952,0.25049400329589844,3
Software Engineer,junior_developer,0.35131213,0.24028992652893066,128
Software Engineer,junior_developer,0.3480201,0.24265599250793457,102
Full Stack Developer,junior_developer,0.39312315,0.131256103515625,1
Software Engineer,junior_developer,0.4296174,0.24114465713500977,64
Full Stack Developer,junior_developer,0.26199365,0.2658369541168213,8
DevOps Engineer,junior_developer,0.3463904,0.23366093635559082,80
Software Engineer,junior_developer,0.5448605,0.24639606475830078,171
DevOps Engineer,junior_developer,0.4470548,0.23436379432678223,27
DevOps Engineer,junior_developer,0.2872281,0.11671090126037598,12
Full Stack Developer,junior_developer,0.39354897,0.18675613403320312,1
DevOps Engineer,junior_developer,0.33114257,0.04625201225280762,2
DevOps Engineer,junior_developer,0.25359964,0.3554718494415283,261
Full Stack Developer,junior_developer,0.5512904,0.14362597465515137,4
Full Stack Developer,junior_developer,0.36278436,0.29063987731933594,2
DevOps Engineer,junior_developer,0.26790226,0.24000215530395508,145
DevOps Engineer,junior_developer,0.3727026,0.25536012649536133,147
Software Engineer,junior_developer,0.36906087,0.24617314338684082,140
Software Engineer,junior_developer,0.30106074,0.24371099472045898,174
Software Engineer,junior_developer,0.5283351,0.2589452266693115,110
Software Engineer,junior_developer,0.34595188,0.24520492553710938,115
Full Stack Developer,junior_developer,0.32986975,0.250255823135376,9
DevOps Engineer,junior_developer,0.44936818,0.2269761562347412,39
DevOps Engineer,junior_developer,0.2877579,0.24237704277038574,57
Software Engineer,junior_developer,0.44181994,0.2368488311767578,86
Software Engineer,junior_developer,0.52353346,0.2447669506072998,152
Software Engineer,junior_developer,0.47096583,0.24622893333435059,167
Full Stack Developer,junior_developer,0.2952159,0.2551388740539551,4
DevOps Engineer,junior_developer,0.3488447,0.20220589637756348,53
Full Stack Developer,junior_developer,0.34543598,0.19902896881103516,1
Software Engineer,junior_developer,0.41083634,0.2345569133758545,94
Software Engineer,junior_developer,0.4625055,0.23615312576293945,79
DevOps Engineer,junior_developer,0.43437392,0.24557089805603027,132
DevOps Engineer,junior_developer,0.40041834,0.13930797576904297,20
Full Stack Developer,junior_developer,0.53496015,0.11199498176574707,3
Software Engineer,junior_developer,0.5656301,0.2782111167907715,48
Full Stack Developer,junior_developer,0.39165562,0.284210205078125,7
Full Stack Developer,junior_developer,0.33036584,0.32151293754577637,3
DevOps Engineer,junior_developer,0.41759038,0.24399375915527344,101
Full Stack Developer,junior_developer,0.30582136,0.25847387313842773,6
Full Stack Developer,junior_developer,0.4368987,0.13138818740844727,5
Full Stack Developer,mid_level_developer,0.43569535,0.2667379379272461,4
Full Stack Developer,mid_level_developer,0.46408147,0.2708091735839844,2
DevOps Engineer,mid_level_developer,0.5470846,0.24399614334106445,56
Software Engineer,mid_level_developer,0.38207102,0.2496187686920166,103
Software Engineer,mid_level_developer,0.45872477,0.25188112258911133,260
Software Engineer,mid_level_developer,0.4408518,0.24723100662231445,91
DevOps Engineer,mid_level_developer,0.48885357,0.24416780471801758,110
DevOps Engineer,mid_level_developer,0.4694578,0.24242711067199707,75
DevOps Engineer,mid_level_developer,0.58561265,0.19057917594909668,32
Software Engineer,mid_level_developer,0.46184582,0.24129176139831543,71
Software Engineer,mid_level_developer,0.49545425,0.2373058795928955,56
DevOps Engineer,mid_level_developer,0.56024224,0.18866181373596191,27
Software Engineer,mid_level_developer,0.3922102,0.24810504913330078,96
DevOps Engineer,mid_level_developer,0.5920081,0.2618839740753174,59
DevOps Engineer,mid_level_developer,0.4411862,0.24626398086547852,135
DevOps Engineer,mid_level_developer,0.55723786,0.3246321678161621,130
DevOps Engineer,mid_level_developer,0.5423216,0.2106938362121582,18
Full Stack Developer,mid_level_developer,0.47544658,0.26423192024230957,3
DevOps Engineer,mid_level_developer,0.3725411,0.23755383491516113,109
DevOps Engineer,mid_level_developer,0.16108315,0.2453289031982422,230
Full Stack Developer,mid_level_developer,0.54348594,0.25203990936279297,2
Full Stack Developer,mid_level_developer,0.44798338,0.22491168975830078,1
Full Stack Developer,mid_level_developer,0.59610164,0.11268091201782227,1
Software Engineer,mid_level_developer,0.4114548,0.24030780792236328,70
DevOps Engineer,mid_level_developer,0.5607629,0.15826106071472168,26
Full Stack Developer,mid_level_developer,0.46083254,0.2536919116973877,2
Software Engineer,mid_level_developer,0.44304317,0.23791909217834473,158
Software Engineer,mid_level_developer,0.51890635,0.13057518005371094,21
DevOps Engineer,mid_level_developer,0.64177716,0.24981403350830078,28
Software Engineer,mid_level_developer,0.5072387,0.2417151927947998,107
Full Stack Developer,mid_level_developer,0.39344704,0.2093977928161621,2
DevOps Engineer,mid_level_developer,0.35803944,0.24215388298034668,96
DevOps Engineer,mid_level_developer,0.46578974,0.2388458251953125,93
Full Stack Developer,mid_level_developer,0.45076275,0.2565958499908447,2
Full Stack Developer,mid_level_developer,0.43725926,0.24601483345031738,4
Full Stack Developer,mid_level_developer,0.40936458,0.2638099193572998,6
Full Stack Developer,mid_level_developer,0.42550972,0.31040263175964355,3
Full Stack Developer,mid_level_developer,0.38508213,0.24018502235412598,5
Full Stack Developer,mid_level_developer,0.45901817,0.2942228317260742,4
Software Engineer,mid_level_developer,0.574366,0.2356417179107666,83
Software Engineer,mid_level_developer,0.48325086,0.24044013023376465,156
Full Stack Developer,mid_level_developer,0.50403273,0.22004985809326172,2
Software Engineer,mid_level_developer,0.4194545,0.23521685600280762,125
Software Engineer,mid_level_developer,0.38705325,0.21487879753112793,65
Software Engineer,mid_level_developer,0.49754393,0.19103312492370605,35
Full Stack Developer,mid_level_developer,0.45567617,0.20523715019226074,3
Full Stack Developer,mid_level_developer,0.5430961,0.2528412342071533,2
DevOps Engineer,mid_level_developer,0.48789716,0.2425689697265625,103
Full Stack Developer,mid_level_developer,0.38139284,0.26923489570617676,1
Software Engineer,mid_level_developer,0.5612142,0.08168435096740723,15
DevOps Engineer,mid_level_developer,0.60831606,0.19497299194335938,35
DevOps Engineer,mid_level_developer,0.46526653,0.24075818061828613,148
DevOps Engineer,mid_level_developer,0.4035266,0.26971960067749023,166
Full Stack Developer,mid_level_developer,0.42965668,0.27747106552124023,5
Full Stack Developer,mid_level_developer,0.3577413,0.2462141513824463,7
Software Engineer,mid_level_developer,0.6141291,0.23961186408996582,123
DevOps Engineer,mid_level_developer,0.4693247,0.237321138381958,44
Full Stack Developer,mid_level_developer,0.2734291,0.28211283683776855,1
Full Stack Developer,mid_level_developer,0.3955591,0.16663098335266113,1
DevOps Engineer,mid_level_developer,0.4398145,0.25011396408081055,220
Software Engineer,mid_level_developer,0.3943121,0.25870585441589355,115
Software Engineer,mid_level_developer,0.34452057,0.24715089797973633,211
Software Engineer,mid_level_developer,0.45625424,0.04445815086364746,6
Software Engineer,mid_level_developer,0.51902026,0.23829007148742676,72
DevOps Engineer,mid_level_developer,0.6063888,0.1682569980621338,37
Full Stack Developer,mid_level_developer,0.2991146,0.26654911041259766,8
DevOps Engineer,mid_level_developer,0.59227854,0.23623394966125488,67
Software Engineer,mid_level_developer,0.5730572,0.23742890357971191,56
Full Stack Developer,mid_level_developer,0.27757865,0.28560900688171387,8
Full Stack Developer,mid_level_developer,0.46189076,0.24416422843933105,4
Software Engineer,mid_level_developer,0.4392051,0.1696000099182129,39
Software Engineer,mid_level_developer,0.4781072,0.24110698699951172,104
Full Stack Developer,mid_level_developer,0.31054986,0.28418588638305664,1
Software Engineer,mid_level_developer,0.4233268,0.14532089233398438,13
Software Engineer,mid_level_developer,0.30868313,0.2176530361175537,46
Software Engineer,mid_level_developer,0.553476,0.10690093040466309,19
Software Engineer,mid_level_developer,0.43975616,0.3424549102783203,138
Full Stack Developer,mid_level_developer,0.410531,0.26671290397644043,2
Software Engineer,mid_level_developer,0.50883365,0.15820026397705078,42
Software Engineer,mid_level_developer,0.42243606,0.08536982536315918,15
DevOps Engineer,mid_level_developer,0.59351444,0.16895413398742676,28
Full Stack Developer,mid_level_developer,0.4152032,0.254746675491333,2
DevOps Engineer,mid_level_developer,0.44296038,0.24899888038635254,174
Software Engineer,mid_level_developer,0.36426964,0.2796061038970947,155
DevOps Engineer,mid_level_developer,0.5415293,0.2426607608795166,61
Full Stack Developer,mid_level_developer,0.48450497,0.24553394317626953,9
DevOps Engineer,mid_level_developer,0.49752074,0.24044108390808105,74
Full Stack Developer,mid_level_developer,0.32031304,0.26823902130126953,5
Software Engineer,mid_level_developer,0.54971987,0.22764801979064941,34
DevOps Engineer,mid_level_developer,0.52555007,0.21043086051940918,35
Full Stack Developer,mid_level_developer,0.573313,0.1823422908782959,3
Full Stack Developer,mid_level_developer,0.5198679,0.2866020202636719,5
DevOps Engineer,mid_level_developer,0.54152584,0.09877395629882812,10
DevOps Engineer,mid_level_developer,0.53790027,0.24865007400512695,146
Software Engineer,mid_level_developer,0.46677053,0.24364209175109863,43
DevOps Engineer,mid_level_developer,0.39267814,0.25130295753479004,223
Full Stack Developer,mid_level_developer,0.49877897,0.30673670768737793,3
Software Engineer,mid_level_developer,0.46205443,0.2327427864074707,104
Software Engineer,mid_level_developer,0.51670015,0.24608087539672852,153
Software Engineer,mid_level_developer,0.35659105,0.2740468978881836,140
DevOps Engineer,mid_level_developer,0.5022321,0.24609684944152832,82
DevOps Engineer,mid_level_developer,0.45404744,0.08559799194335938,7
DevOps Engineer,mid_level_developer,0.5465919,0.16121506690979004,35
Full Stack Developer,mid_level_developer,0.36252522,0.24050092697143555,8
Full Stack Developer,mid_level_developer,0.46754128,0.2598130702972412,1
Full Stack Developer,mid_level_developer,0.3589597,0.2664470672607422,3
Full Stack Developer,mid_level_developer,0.53998387,0.05132794380187988,1
Full Stack Developer,mid_level_developer,0.42036223,0.2658519744873047,7
Software Engineer,mid_level_developer,0.49302715,0.23839998245239258,82
Full Stack Developer,mid_level_developer,0.50442946,0.22569799423217773,4
Full Stack Developer,mid_level_developer,0.38649395,0.2514760494232178,10
Full Stack Developer,mid_level_developer,0.3785059,0.2843341827392578,4
DevOps Engineer,mid_level_developer,0.41137755,0.23856806755065918,109
Software Engineer,mid_level_developer,0.41726637,0.24103283882141113,74
Software Engineer,mid_level_developer,0.5171717,0.24078989028930664,127
Full Stack Developer,mid_level_developer,0.41474226,0.3323209285736084,3
DevOps Engineer,mid_level_developer,0.45085013,0.25142598152160645,111
Full Stack Developer,mid_level_developer,0.5116606,0.26308107376098633,3
Full Stack Developer,mid_level_developer,0.28027368,0.262890100479126,7
Software Engineer,mid_level_developer,0.43793285,0.23774194717407227,50
Full Stack Developer,mid_level_developer,0.45077425,0.2893338203430176,4
Software Engineer,mid_level_developer,0.42770144,0.24042296409606934,160
Software Engineer,mid_level_developer,0.4292835,0.2883570194244385,161
Full Stack Developer,mid_level_developer,0.35744923,0.24645495414733887,6
Full Stack Developer,mid_level_developer,0.48526704,0.09698009490966797,3
Full Stack Developer,mid_level_developer,0.42152685,0.28324079513549805,5
DevOps Engineer,mid_level_developer,0.42762834,0.1941089630126953,44
Software Engineer,mid_level_developer,0.51583654,0.1985950469970703,30
DevOps Engineer,mid_level_developer,0.5783622,0.2427971363067627,113
Software Engineer,mid_level_developer,0.5973214,0.23301291465759277,89
Software Engineer,mid_level_developer,0.53911936,0.24080991744995117,109
Software Engineer,mid_level_developer,0.45988923,0.25386524200439453,155
DevOps Engineer,mid_level_developer,0.45056766,0.2473618984222412,173
Full Stack Developer,mid_level_developer,0.3006993,0.24669098854064941,7
DevOps Engineer,mid_level_developer,0.57957006,0.24259376525878906,86
Full Stack Developer,mid_level_developer,0.48226994,0.14320778846740723,2
Software Engineer,mid_level_developer,0.4470968,0.23550701141357422,71
DevOps Engineer,mid_level_developer,0.46219373,0.2404768466949463,74
DevOps Engineer,mid_level_developer,0.39402044,0.24274897575378418,119
DevOps Engineer,mid_level_developer,0.44464344,0.26473379135131836,116
DevOps Engineer,mid_level_developer,0.5685649,0.24089908599853516,82
DevOps Engineer,mid_level_developer,0.5239188,0.23929309844970703,127
DevOps Engineer,mid_level_developer,0.6174449,0.11057400703430176,17
Software Engineer,mid_level_developer,0.521358,0.08133602142333984,17
Software Engineer,mid_level_developer,0.36745903,0.2461259365081787,129
Software Engineer,mid_level_developer,0.41947162,0.24244904518127441,133
Full Stack Developer,mid_level_developer,0.41835797,0.2633841037750244,3
Full Stack Developer,mid_level_developer,0.48967394,0.2673161029815674,8
Full Stack Developer,mid_level_developer,0.41160697,0.2710850238800049,4
Software Engineer,mid_level_developer,0.40736908,0.25261592864990234,139
Software Engineer,mid_level_developer,0.4708686,0.24191999435424805,82
DevOps Engineer,mid_level_developer,0.29290318,0.2701287269592285,176
Full Stack Developer,mid_level_developer,0.4102159,0.19497394561767578,1
Full Stack Developer,mid_level_developer,0.4098732,0.2555561065673828,4
Full Stack Developer,mid_level_developer,0.3994488,0.29993104934692383,2
DevOps Engineer,mid_level_developer,0.4278216,0.2432727813720703,160
DevOps Engineer,mid_level_developer,0.5630655,0.24119925498962402,63
Full Stack Developer,mid_level_developer,0.39664987,0.2751169204711914,6
Software Engineer,mid_level_developer,0.48089838,0.23369503021240234,97
DevOps Engineer,mid_level_developer,0.44787914,0.2497730255126953,239
Full Stack Developer,mid_level_developer,0.6460714,0.13840889930725098,2
Full Stack Developer,mid_level_developer,0.47024444,0.2794046401977539,1
DevOps Engineer,mid_level_developer,0.49738836,0.23307394981384277,159
Full Stack Developer,mid_level_developer,0.36321712,0.2571420669555664,2
Software Engineer,mid_level_developer,0.5676083,0.2353529930114746,46
Software Engineer,mid_level_developer,0.42695984,0.24094486236572266,121
Full Stack Developer,mid_level_developer,0.45699987,0.2446119785308838,4
Software Engineer,mid_level_developer,0.6228093,0.24307990074157715,122
Software Engineer,mid_level_developer,0.4223116,0.2589902877807617,130
Software Engineer,mid_level_developer,0.5317832,0.25798702239990234,172
Software Engineer,mid_level_developer,0.4674716,0.12832188606262207,15
Software Engineer,mid_level_developer,0.5712806,0.21322107315063477,54
Software Engineer,mid_level_developer,0.4084524,0.24488615989685059,87
Software Engineer,mid_level_developer,0.6555337,0.24030685424804688,130
Software Engineer,mid_level_developer,0.48046392,0.2401599884033203,99
DevOps Engineer,mid_level_developer,0.58428013,0.17974615097045898,36
Software Engineer,mid_level_developer,0.4875285,0.242628812789917,61
Full Stack Developer,mid_level_developer,0.4255309,0.2877540588378906,5
DevOps Engineer,mid_level_developer,0.5834292,0.2368619441986084,68
DevOps Engineer,mid_level_developer,0.64197814,0.23891282081604004,58
Software Engineer,mid_level_developer,0.56674457,0.2317953109741211,60
Software Engineer,mid_level_developer,0.5870366,0.13512897491455078,29
Software Engineer,mid_level_developer,0.29062253,0.0899810791015625,7
Software Engineer,mid_level_developer,0.5999402,0.2679920196533203,104
Software Engineer,mid_level_developer,0.35940272,0.2425999641418457,102
Full Stack Developer,mid_level_developer,0.32714713,0.2615509033203125,6
Full Stack Developer,mid_level_developer,0.41611788,0.3363630771636963,13
DevOps Engineer,mid_level_developer,0.49803668,0.2572002410888672,44
Full Stack Developer,mid_level_developer,0.42937896,0.26148390769958496,4
Full Stack Developer,mid_level_developer,0.57506216,0.18327903747558594,1
DevOps Engineer,mid_level_developer,0.62499416,0.13890910148620605,22
DevOps Engineer,mid_level_developer,0.55048364,0.20653796195983887,33
DevOps Engineer,mid_level_developer,0.43795657,0.24510431289672852,126
Software Engineer,mid_level_developer,0.5146698,0.24052691459655762,103
Software Engineer,mid_level_developer,0.44751745,0.12724685668945312,20
DevOps Engineer,mid_level_developer,0.52027905,0.2360219955444336,75
Full Stack Developer,mid_level_developer,0.42997825,0.18420720100402832,1
Software Engineer,mid_level_developer,0.36668253,0.24526095390319824,173
Full Stack Developer,mid_level_developer,0.3565631,0.2777400016784668,3
Full Stack Developer,mid_level_developer,0.39887303,0.2559840679168701,3
Software Engineer,mid_level_developer,0.5258116,0.23973369598388672,116
Full Stack Developer,mid_level_developer,0.4890442,0.26555967330932617,3
Software Engineer,mid_level_developer,0.39117834,0.2355358600616455,62
Software Engineer,mid_level_developer,0.48242867,0.24943280220031738,215
Software Engineer,mid_level_developer,0.5087333,0.13581180572509766,17
DevOps Engineer,mid_level_developer,0.60560954,0.2487010955810547,51
DevOps Engineer,mid_level_developer,0.43991524,0.23857569694519043,124
DevOps Engineer,mid_level_developer,0.66873366,0.20529627799987793,48
Full Stack Developer,mid_level_developer,0.4141829,0.22255492210388184,1
Software Engineer,mid_level_developer,0.5068927,0.23446297645568848,52
Full Stack Developer,mid_level_developer,0.53085303,0.27439212799072266,1
Software Engineer,mid_level_developer,0.476198,0.10708785057067871,8
Full Stack Developer,mid_level_developer,0.584379,0.06611037254333496,1
DevOps Engineer,mid_level_developer,0.51502794,0.2302229404449463,45
DevOps Engineer,mid_level_developer,0.5386051,0.10509109497070312,12
Software Engineer,mid_level_developer,0.39234558,0.3685939311981201,139
DevOps Engineer,mid_level_developer,0.46918637,0.2742898464202881,76
Software Engineer,mid_level_developer,0.3990906,0.0973351001739502,9
Full Stack Developer,mid_level_developer,0.45773894,0.27045702934265137,4
Software Engineer,mid_level_developer,0.5037846,0.04451584815979004,6
DevOps Engineer,mid_level_developer,0.6325977,0.24558424949645996,117
DevOps Engineer,mid_level_developer,0.6115482,0.19043207168579102,43
DevOps Engineer,mid_level_developer,0.65934926,0.09712100028991699,16
DevOps Engineer,mid_level_developer,0.5061277,0.23358511924743652,21
Full Stack Developer,mid_level_developer,0.40776396,0.258695125579834,2
DevOps Engineer,mid_level_developer,0.48416144,0.444011926651001,128
Software Engineer,mid_level_developer,0.3586955,0.32054710388183594,49
DevOps Engineer,mid_level_developer,0.624812,0.2242271900177002,38
Software Engineer,mid_level_developer,0.43094057,0.08756685256958008,16
Full Stack Developer,mid_level_developer,0.4205636,0.26503777503967285,2
DevOps Engineer,mid_level_developer,0.5690619,0.24370694160461426,87
DevOps Engineer,mid_level_developer,0.5573962,0.24254894256591797,42
Full Stack Developer,mid_level_developer,0.45354852,0.2747209072113037,2
Software Engineer,mid_level_developer,0.46095037,0.2486588954925537,156
DevOps Engineer,mid_level_developer,0.6079881,0.23868608474731445,90
DevOps Engineer,mid_level_developer,0.5836824,0.2545769214630127,116
DevOps Engineer,mid_level_developer,0.49416554,0.24999284744262695,73
Full Stack Developer,mid_level_developer,0.48347974,0.279954195022583,6
DevOps Engineer,mid_level_developer,0.42889947,0.23491525650024414,65
Full Stack Developer,mid_level_developer,0.49966663,0.26061224937438965,3
Software Engineer,mid_level_developer,0.50683486,0.06837606430053711,11
Software Engineer,mid_level_developer,0.6257221,0.12589693069458008,19
Full Stack Developer,mid_level_developer,0.50233155,0.26342082023620605,20
Software Engineer,mid_level_developer,0.20150761,0.2544686794281006,182
Software Engineer,mid_level_developer,0.50950354,0.23877310752868652,50
Software Engineer,mid_level_developer,0.6363639,0.16568303108215332,39
Full Stack Developer,mid_level_developer,0.4330011,0.26796889305114746,3
Full Stack Developer,mid_level_developer,0.41541743,0.25858211517333984,5
DevOps Engineer,mid_level_developer,0.61413395,0.08875179290771484,11
DevOps Engineer,mid_level_developer,0.6433841,0.13590192794799805,23
DevOps Engineer,mid_level_developer,0.59028924,0.07029199600219727,10
DevOps Engineer,mid_level_developer,0.60436594,0.18414616584777832,42
Full Stack Developer,mid_level_developer,0.38907856,0.19165587425231934,3
DevOps Engineer,mid_level_developer,0.5184065,0.2414860725402832,92
DevOps Engineer,mid_level_developer,0.57076,0.24193525314331055,65
Full Stack Developer,mid_level_developer,0.35970524,0.2796759605407715,3
Full Stack Developer,mid_level_developer,0.26346046,0.24910211563110352,2
Software Engineer,mid_level_developer,0.5856472,0.23196792602539062,54
DevOps Engineer,mid_level_developer,0.44454348,0.24045705795288086,149
Full Stack Developer,mid_level_developer,0.54424155,0.20306992530822754,1
Software Engineer,mid_level_developer,0.564723,0.2370600700378418,76
Full Stack Developer,mid_level_developer,0.41191894,0.26419591903686523,4
Full Stack Developer,mid_level_developer,0.43632606,0.24905920028686523,4
Full Stack Developer,mid_level_developer,0.51377165,0.15894103050231934,2
Full Stack Developer,mid_level_developer,0.39241531,0.21137619018554688,3
Software Engineer,mid_level_developer,0.4989568,0.24053406715393066,146
Full Stack Developer,mid_level_developer,0.31360906,0.2495250701904297,7
Software Engineer,mid_level_developer,0.60458356,0.15945911407470703,42
Full Stack Developer,mid_level_developer,0.45633423,0.30851101875305176,3
Full Stack Developer,mid_level_developer,0.49032953,0.22503399848937988,2
DevOps Engineer,mid_level_developer,0.64357114,0.24206209182739258,138
DevOps Engineer,mid_level_developer,0.5863056,0.23364520072937012,59
Software Engineer,mid_level_developer,0.50326854,0.4249460697174072,87
Full Stack Developer,mid_level_developer,0.5100058,0.2337648868560791,1
Full Stack Developer,mid_level_developer,0.4673568,0.18297886848449707,1
DevOps Engineer,mid_level_developer,0.62952507,0.23832201957702637,70
Software Engineer,mid_level_developer,0.20166853,0.25333595275878906,164
DevOps Engineer,mid_level_developer,0.56669444,0.2445509433746338,129
DevOps Engineer,mid_level_developer,0.48355868,0.24031376838684082,134
DevOps Engineer,mid_level_developer,0.5660409,0.23715519905090332,51
Software Engineer,mid_level_developer,0.42318493,0.26622700691223145,146
Software Engineer,mid_level_developer,0.37450653,0.07457995414733887,15
DevOps Engineer,mid_level_developer,0.5589524,0.21506619453430176,32
Software Engineer,mid_level_developer,0.3351573,0.25079774856567383,160
Software Engineer,mid_level_developer,0.6281303,0.17622709274291992,40
Full Stack Developer,mid_level_developer,0.3572561,0.24866223335266113,5
Software Engineer,mid_level_developer,0.61265135,0.29523301124572754,170
Software Engineer,mid_level_developer,0.43924913,0.25882792472839355,68
Full Stack Developer,mid_level_developer,0.5206896,0.1680312156677246,6
Software Engineer,mid_level_developer,0.33472246,0.2532801628112793,181
Software Engineer,mid_level_developer,0.4056938,0.25261688232421875,124
DevOps Engineer,mid_level_developer,0.5832177,0.15035295486450195,18
Full Stack Developer,mid_level_developer,0.46447048,0.32398390769958496,1
DevOps Engineer,mid_level_developer,0.58604765,0.14568686485290527,31
DevOps Engineer,mid_level_developer,0.51916516,0.23781085014343262,131
DevOps Engineer,mid_level_developer,0.4513265,0.2413339614868164,104
DevOps Engineer,mid_level_developer,0.535319,0.24550724029541016,49
Full Stack Developer,mid_level_developer,0.4687429,0.26091909408569336,8
Software Engineer,mid_level_developer,0.43309882,0.24460387229919434,163
DevOps Engineer,mid_level_developer,0.40348265,0.25730204582214355,140
DevOps Engineer,mid_level_developer,0.5443146,0.24594569206237793,155
DevOps Engineer,mid_level_developer,0.55037886,0.20775103569030762,48
Software Engineer,mid_level_developer,0.39733836,0.28052401542663574,139
Full Stack Developer,mid_level_developer,0.44373107,0.22892284393310547,2
Software Engineer,mid_level_developer,0.5906787,0.2453632354736328,170
Software Engineer,mid_level_developer,0.55448014,0.2364332675933838,39
Software Engineer,mid_level_developer,0.41617018,0.2504298686981201,184
Software Engineer,mid_level_developer,0.5035128,0.2377150058746338,105
DevOps Engineer,mid_level_developer,0.32631305,0.24816298484802246,233
DevOps Engineer,mid_level_developer,0.48638755,0.2381148338317871,86
DevOps Engineer,mid_level_developer,0.4457966,0.28896427154541016,117
Software Engineer,mid_level_developer,0.4795587,0.25554990768432617,81
Software Engineer,mid_level_developer,0.49485108,0.24564480781555176,69
Full Stack Developer,mid_level_developer,0.6339933,0.12614774703979492,1
DevOps Engineer,mid_level_developer,0.6158409,0.23568987846374512,51
Software Engineer,mid_level_developer,0.41173735,0.2496049404144287,155
Full Stack Developer,mid_level_developer,0.34123135,0.2852308750152588,2
DevOps Engineer,mid_level_developer,0.46788305,0.23824381828308105,88
DevOps Engineer,mid_level_developer,0.5820572,0.14669108390808105,28
Software Engineer,mid_level_developer,0.5455259,0.24345111846923828,51
Full Stack Developer,mid_level_developer,0.46153098,0.21162700653076172,2
DevOps Engineer,mid_level_developer,0.5408152,0.16299200057983398,21
DevOps Engineer,mid_level_developer,0.38258326,0.24289202690124512,109
Software Engineer,mid_level_developer,0.46547833,0.25951290130615234,92
Full Stack Developer,mid_level_developer,0.5033932,0.26282286643981934,4
Software Engineer,mid_level_developer,0.45036674,0.23213696479797363,101
Software Engineer,mid_level_developer,0.5599799,0.24101924896240234,116
Full Stack Developer,mid_level_developer,0.45106637,0.27344298362731934,3
Software Engineer,mid_level_developer,0.5042742,0.2411670684814453,61
DevOps Engineer,mid_level_developer,0.4576037,0.2372739315032959,122
Full Stack Developer,mid_level_developer,0.43977058,0.25464510917663574,3
Software Engineer,mid_level_developer,0.3581527,0.24524211883544922,139
DevOps Engineer,mid_level_developer,0.56724876,0.23590874671936035,48
Software Engineer,mid_level_developer,0.548805,0.04696297645568848,2
DevOps Engineer,mid_level_developer,0.49776322,0.2385849952697754,101
DevOps Engineer,mid_level_developer,0.59552455,0.24135494232177734,111
DevOps Engineer,mid_level_developer,0.58850527,0.1466810703277588,25
Full Stack Developer,mid_level_developer,0.46749958,0.2614269256591797,2
Software Engineer,mid_level_developer,0.47991395,0.2498009204864502,158
DevOps Engineer,mid_level_developer,0.29381528,0.2582888603210449,316
DevOps Engineer,mid_level_developer,0.5367669,0.2518637180328369,281
Full Stack Developer,mid_level_developer,0.4027272,0.059407949447631836,2
Full Stack Developer,mid_level_developer,0.6317438,0.11580491065979004,5
Software Engineer,mid_level_developer,0.49893206,0.10595417022705078,9
Software Engineer,mid_level_developer,0.46831572,0.21518802642822266,41
DevOps Engineer,mid_level_developer,0.5636975,0.235213041305542,66
Full Stack Developer,mid_level_developer,0.40061626,0.281904935836792,2
DevOps Engineer,mid_level_developer,0.37869018,0.24134206771850586,112
Software Engineer,mid_level_developer,0.4310793,0.24898386001586914,142
DevOps Engineer,mid_level_developer,0.49727017,0.24169492721557617,82
Full Stack Developer,mid_level_developer,0.48601997,0.2602376937866211,4
DevOps Engineer,mid_level_developer,0.54413825,0.27581095695495605,77
Software Engineer,mid_level_developer,0.3920887,0.26421403884887695,114
DevOps Engineer,mid_level_developer,0.47361964,0.2382829189300537,73
DevOps Engineer,mid_level_developer,0.4375726,0.24166417121887207,104
DevOps Engineer,mid_level_developer,0.5727804,0.23791909217834473,69
DevOps Engineer,mid_level_developer,0.6329067,0.11294102668762207,20
DevOps Engineer,mid_level_developer,0.55738103,0.23723864555358887,76
DevOps Engineer,mid_level_developer,0.4365625,0.23946785926818848,69
Full Stack Developer,mid_level_developer,0.42649603,0.24137496948242188,1
Software Engineer,mid_level_developer,0.63565433,0.23330998420715332,71
DevOps Engineer,mid_level_developer,0.3413661,0.24026226997375488,132
DevOps Engineer,mid_level_developer,0.5069871,0.2468242645263672,103
Software Engineer,mid_level_developer,0.5512148,0.237335205078125,90
Software Engineer,mid_level_developer,0.41219306,0.23998165130615234,105
Full Stack Developer,mid_level_developer,0.46016362,0.2810811996459961,1
Software Engineer,mid_level_developer,0.21711564,0.14250802993774414,40
DevOps Engineer,mid_level_developer,0.55873156,0.26380419731140137,207
Full Stack Developer,mid_level_developer,0.47423404,0.17223882675170898,3
Software Engineer,mid_level_developer,0.33677268,0.25029492378234863,211
Software Engineer,mid_level_developer,0.52198875,0.12165999412536621,17
Software Engineer,mid_level_developer,0.2810688,0.04579615592956543,1
Software Engineer,mid_level_developer,0.5410199,0.2428748607635498,128
Software Engineer,mid_level_developer,0.42332068,0.2430710792541504,74
Software Engineer,mid_level_developer,0.39436334,0.24394989013671875,178
DevOps Engineer,mid_level_developer,0.53885823,0.2443709373474121,156
DevOps Engineer,mid_level_developer,0.6315811,0.1871187686920166,32
DevOps Engineer,mid_level_developer,0.39993995,0.2463369369506836,122
Full Stack Developer,mid_level_developer,0.4453567,0.24344801902770996,4
Full Stack Developer,mid_level_developer,0.4537673,0.3499939441680908,2
Software Engineer,mid_level_developer,0.65147805,0.23958086967468262,80
Full Stack Developer,mid_level_developer,0.38516492,0.2567121982574463,2
Full Stack Developer,mid_level_developer,0.30749738,0.2993001937866211,4
Full Stack Developer,mid_level_developer,0.40564448,0.2826118469238281,5
DevOps Engineer,mid_level_developer,0.5235436,0.25151681900024414,210
Software Engineer,mid_level_developer,0.62434626,0.24107623100280762,74
DevOps Engineer,mid_level_developer,0.55403507,0.2522251605987549,154
Full Stack Developer,mid_level_developer,0.31297973,0.2512829303741455,7
DevOps Engineer,mid_level_developer,0.5094019,0.23541784286499023,63
DevOps Engineer,mid_level_developer,0.55985004,0.2642388343811035,144
Software Engineer,mid_level_developer,0.6081284,0.23714375495910645,111
Full Stack Developer,mid_level_developer,0.3902255,0.2809009552001953,1
DevOps Engineer,mid_level_developer,0.5863677,0.23924565315246582,56
Full Stack Developer,mid_level_developer,0.57373756,0.14014124870300293,3
DevOps Engineer,mid_level_developer,0.4362109,0.2386932373046875,78
DevOps Engineer,mid_level_developer,0.57733107,0.1479930877685547,28
Software Engineer,mid_level_developer,0.4544621,0.24061894416809082,96
Software Engineer,mid_level_developer,0.5959054,0.2422332763671875,113
Software Engineer,mid_level_developer,0.5280516,0.24281692504882812,95
DevOps Engineer,mid_level_developer,0.48010108,0.2484300136566162,155
DevOps Engineer,mid_level_developer,0.39576605,0.24014830589294434,118
Full Stack Developer,mid_level_developer,0.3818449,0.2779088020324707,2
Full Stack Developer,mid_level_developer,0.51392925,0.17202305793762207,3
Software Engineer,mid_level_developer,0.60940427,0.2549569606781006,103
Software Engineer,mid_level_developer,0.58057964,0.23604607582092285,81
Software Engineer,mid_level_developer,0.35757083,0.250866174697876,259
DevOps Engineer,mid_level_developer,0.5974004,0.2388920783996582,100
Software Engineer,mid_level_developer,0.5464115,0.23666715621948242,113
DevOps Engineer,mid_level_developer,0.4831703,0.23777198791503906,110
DevOps Engineer,mid_level_developer,0.48494536,0.24071311950683594,61
Software Engineer,mid_level_developer,0.56285524,0.25842905044555664,48
Software Engineer,mid_level_developer,0.49974433,0.16010713577270508,31
Full Stack Developer,mid_level_developer,0.48684746,0.2515401840209961,3
Software Engineer,mid_level_developer,0.5384401,0.23847103118896484,127
Software Engineer,mid_level_developer,0.42803162,0.24054813385009766,102
Full Stack Developer,mid_level_developer,0.55304384,0.13721084594726562,1
Software Engineer,mid_level_developer,0.5027797,0.2393479347229004,64
Full Stack Developer,mid_level_developer,0.40890932,0.27727603912353516,8
DevOps Engineer,mid_level_developer,0.56436944,0.2366642951965332,80
Software Engineer,mid_level_developer,0.5694575,0.24785494804382324,170
DevOps Engineer,mid_level_developer,0.6228734,0.23238897323608398,27
DevOps Engineer,mid_level_developer,0.55969226,0.11651301383972168,12
Full Stack Developer,mid_level_developer,0.555181,0.18203496932983398,1
DevOps Engineer,mid_level_developer,0.4870128,0.04351401329040527,2
DevOps Engineer,mid_level_developer,0.47699946,0.2528340816497803,261
Full Stack Developer,mid_level_developer,0.56126046,0.14132189750671387,4
Full Stack Developer,mid_level_developer,0.4618498,0.38134002685546875,2
DevOps Engineer,mid_level_developer,0.4404232,0.24609112739562988,145
DevOps Engineer,mid_level_developer,0.5828377,0.24525070190429688,147
Software Engineer,mid_level_developer,0.48862368,0.2388768196105957,140
Software Engineer,mid_level_developer,0.3207615,0.24337506294250488,174
Software Engineer,mid_level_developer,0.509966,0.2426769733428955,110
Software Engineer,mid_level_developer,0.4687226,0.24148106575012207,114
Full Stack Developer,mid_level_developer,0.41677055,0.26901721954345703,9
DevOps Engineer,mid_level_developer,0.6070877,0.22287583351135254,39
DevOps Engineer,mid_level_developer,0.47221404,0.2417600154876709,57
Software Engineer,mid_level_developer,0.4247508,0.23812508583068848,87
Software Engineer,mid_level_developer,0.552512,0.24526214599609375,151
Software Engineer,mid_level_developer,0.5332377,0.24563312530517578,167
Full Stack Developer,mid_level_developer,0.38521767,0.252612829208374,4
DevOps Engineer,mid_level_developer,0.6010184,0.2037501335144043,53
Full Stack Developer,mid_level_developer,0.48970735,0.19924092292785645,1
Software Engineer,mid_level_developer,0.39770308,0.23622488975524902,95
Software Engineer,mid_level_developer,0.5106369,0.23544597625732422,79
DevOps Engineer,mid_level_developer,0.62758577,0.23931598663330078,133
DevOps Engineer,mid_level_developer,0.6138035,0.14589381217956543,20
Full Stack Developer,mid_level_developer,0.6082699,0.10946011543273926,3
Software Engineer,mid_level_developer,0.54672813,0.2424619197845459,48
Full Stack Developer,mid_level_developer,0.47224414,0.24663829803466797,7
Full Stack Developer,mid_level_developer,0.39696658,0.2520730495452881,3
DevOps Engineer,mid_level_developer,0.5069327,0.23630309104919434,101
Full Stack Developer,mid_level_developer,0.46237966,0.2988271713256836,6
Full Stack Developer,mid_level_developer,0.52015924,0.13198518753051758,5
Full Stack Developer,senior_developer,0.33248305,0.2699892520904541,4
Full Stack Developer,senior_developer,0.43930295,0.2557530403137207,2
DevOps Engineer,senior_developer,0.49561617,0.2623741626739502,56
Software Engineer,senior_developer,0.39407068,0.23967385292053223,102
Software Engineer,senior_developer,0.3930589,0.2541477680206299,261
Software Engineer,senior_developer,0.51763827,0.23606610298156738,92
DevOps Engineer,senior_developer,0.61386395,0.23974299430847168,110
DevOps Engineer,senior_developer,0.5517373,0.250150203704834,75
DevOps Engineer,senior_developer,0.51849633,0.18967819213867188,32
Software Engineer,senior_developer,0.40449065,0.23713421821594238,71
Software Engineer,senior_developer,0.4215243,0.23876094818115234,57
DevOps Engineer,senior_developer,0.52133954,0.1905059814453125,27
Software Engineer,senior_developer,0.41392136,0.24189066886901855,96
DevOps Engineer,senior_developer,0.5670091,0.2353677749633789,59
DevOps Engineer,senior_developer,0.5080303,0.2420821189880371,135
DevOps Engineer,senior_developer,0.6121776,0.24376583099365234,130
DevOps Engineer,senior_developer,0.4872945,0.1800990104675293,18
Full Stack Developer,senior_developer,0.44599667,0.26102614402770996,3
DevOps Engineer,senior_developer,0.35763544,0.23991823196411133,109
DevOps Engineer,senior_developer,0.1896072,0.24817109107971191,230
Full Stack Developer,senior_developer,0.59704626,0.25130200386047363,2
Full Stack Developer,senior_developer,0.39486519,0.21521902084350586,1
Full Stack Developer,senior_developer,0.46401012,0.11406207084655762,1
Software Engineer,senior_developer,0.46010864,0.25464892387390137,70
DevOps Engineer,senior_developer,0.5444848,0.15865111351013184,26
Full Stack Developer,senior_developer,0.40822497,0.26015686988830566,2
Software Engineer,senior_developer,0.44027475,0.2393479347229004,159
Software Engineer,senior_developer,0.449276,0.13319969177246094,22
DevOps Engineer,senior_developer,0.62734044,0.2322850227355957,28
Software Engineer,senior_developer,0.49893093,0.23895907402038574,108
Full Stack Developer,senior_developer,0.38998368,0.21033096313476562,2
DevOps Engineer,senior_developer,0.32231027,0.24120187759399414,96
DevOps Engineer,senior_developer,0.540769,0.24219584465026855,93
Full Stack Developer,senior_developer,0.4615788,0.2554018497467041,2
Full Stack Developer,senior_developer,0.43387833,0.24611711502075195,4
Full Stack Developer,senior_developer,0.38103348,0.24870610237121582,6
Full Stack Developer,senior_developer,0.40412408,0.3029439449310303,3
Full Stack Developer,senior_developer,0.24439324,0.24211692810058594,5
Full Stack Developer,senior_developer,0.41832262,0.2694680690765381,4
Software Engineer,senior_developer,0.61286676,0.23379826545715332,83
Software Engineer,senior_developer,0.4940407,0.24332594871520996,157
Full Stack Developer,senior_developer,0.4638878,0.21705389022827148,2
Software Engineer,senior_developer,0.3823873,0.23971104621887207,125
Software Engineer,senior_developer,0.2999754,0.21376800537109375,65
Software Engineer,senior_developer,0.48582304,0.19181418418884277,35
Full Stack Developer,senior_developer,0.3555862,0.2271900177001953,3
Full Stack Developer,senior_developer,0.59709173,0.26412010192871094,2
DevOps Engineer,senior_developer,0.5819478,0.2476060390472412,103
Full Stack Developer,senior_developer,0.35569492,0.28682494163513184,1
Software Engineer,senior_developer,0.48219696,0.08166694641113281,15
DevOps Engineer,senior_developer,0.554314,0.20526409149169922,35
DevOps Engineer,senior_developer,0.5566904,0.2395009994506836,148
DevOps Engineer,senior_developer,0.33421168,0.24558496475219727,166
Full Stack Developer,senior_developer,0.40820885,0.2756810188293457,5
Full Stack Developer,senior_developer,0.36630112,0.24761700630187988,7
Software Engineer,senior_developer,0.47835225,0.2505300045013428,123
DevOps Engineer,senior_developer,0.43783158,0.24006199836730957,44
Full Stack Developer,senior_developer,0.24545127,0.278775691986084,1
Full Stack Developer,senior_developer,0.40781996,0.16673612594604492,1
DevOps Engineer,senior_developer,0.4581854,0.24807095527648926,220
Software Engineer,senior_developer,0.39871866,0.24782180786132812,116
Software Engineer,senior_developer,0.30204582,0.2442460060119629,211
Software Engineer,senior_developer,0.4207075,0.04739189147949219,6
Software Engineer,senior_developer,0.56570256,0.24788975715637207,72
DevOps Engineer,senior_developer,0.46357715,0.18027687072753906,37
Full Stack Developer,senior_developer,0.23984659,0.26578783988952637,8
DevOps Engineer,senior_developer,0.4827727,0.23658180236816406,67
Software Engineer,senior_developer,0.395549,0.2739450931549072,56
Full Stack Developer,senior_developer,0.30966756,0.29539918899536133,8
Full Stack Developer,senior_developer,0.41105896,0.2527778148651123,4
Software Engineer,senior_developer,0.34743547,0.16233396530151367,39
Software Engineer,senior_developer,0.34456018,0.24152326583862305,105
Full Stack Developer,senior_developer,0.30592293,0.2914559841156006,1
Software Engineer,senior_developer,0.27332562,0.1467599868774414,13
Software Engineer,senior_developer,0.27890724,0.2130568027496338,46
Software Engineer,senior_developer,0.47933245,0.10599231719970703,19
Software Engineer,senior_developer,0.46986365,0.24619412422180176,138
Full Stack Developer,senior_developer,0.3652167,0.256641149520874,2
Software Engineer,senior_developer,0.3563445,0.16026782989501953,43
Software Engineer,senior_developer,0.42358863,0.08613300323486328,15
DevOps Engineer,senior_developer,0.6314109,0.1657390594482422,29
Full Stack Developer,senior_developer,0.41255915,0.25632691383361816,2
DevOps Engineer,senior_developer,0.47955608,0.24380016326904297,174
Software Engineer,senior_developer,0.33879194,0.24668192863464355,155
DevOps Engineer,senior_developer,0.6028554,0.23981809616088867,61
Full Stack Developer,senior_developer,0.41379496,0.2442607879638672,9
DevOps Engineer,senior_developer,0.5728258,0.24196815490722656,74
Full Stack Developer,senior_developer,0.3290875,0.26830530166625977,5
Software Engineer,senior_developer,0.46245313,0.19599390029907227,34
DevOps Engineer,senior_developer,0.47318938,0.20835089683532715,36
Full Stack Developer,senior_developer,0.52602905,0.1958789825439453,3
Full Stack Developer,senior_developer,0.43327096,0.31720924377441406,5
DevOps Engineer,senior_developer,0.49359268,0.09689903259277344,10
DevOps Engineer,senior_developer,0.58346015,0.24796700477600098,147
Software Engineer,senior_developer,0.49246156,0.2328028678894043,43
DevOps Engineer,senior_developer,0.38807464,0.2740662097930908,223
Full Stack Developer,senior_developer,0.37946665,0.3075120449066162,3
Software Engineer,senior_developer,0.40485057,0.23012995719909668,104
Software Engineer,senior_developer,0.48623097,0.24433588981628418,154
Software Engineer,senior_developer,0.3871507,0.2493898868560791,141
DevOps Engineer,senior_developer,0.43644512,0.2441270351409912,82
DevOps Engineer,senior_developer,0.42712188,0.08376097679138184,7
DevOps Engineer,senior_developer,0.44843626,0.15645885467529297,35
Full Stack Developer,senior_developer,0.33494785,0.24117827415466309,8
Full Stack Developer,senior_developer,0.42774123,0.26495909690856934,1
Full Stack Developer,senior_developer,0.29845333,0.24796605110168457,3
Full Stack Developer,senior_developer,0.6320555,0.04824018478393555,1
Full Stack Developer,senior_developer,0.4488147,0.26868200302124023,7
Software Engineer,senior_developer,0.42612565,0.23822999000549316,82
Full Stack Developer,senior_developer,0.46214014,0.21646881103515625,4
Full Stack Developer,senior_developer,0.35436437,0.25269317626953125,10
Full Stack Developer,senior_developer,0.38934386,0.28125810623168945,4
DevOps Engineer,senior_developer,0.3745848,0.26232194900512695,109
Software Engineer,senior_developer,0.5053044,0.24567413330078125,75
Software Engineer,senior_developer,0.5043468,0.24243998527526855,127
Full Stack Developer,senior_developer,0.39403573,0.258134126663208,3
DevOps Engineer,senior_developer,0.38349575,0.23349976539611816,111
Full Stack Developer,senior_developer,0.56751674,0.2580690383911133,3
Full Stack Developer,senior_developer,0.24569206,0.2690410614013672,7
Software Engineer,senior_developer,0.40416467,0.2363121509552002,51
Full Stack Developer,senior_developer,0.4373918,0.29230785369873047,4
Software Engineer,senior_developer,0.3435821,0.24199295043945312,159
Software Engineer,senior_developer,0.386137,0.24574899673461914,161
Full Stack Developer,senior_developer,0.3373476,0.24307990074157715,6
Full Stack Developer,senior_developer,0.39809075,0.10123014450073242,3
Full Stack Developer,senior_developer,0.49592453,0.28021979331970215,5
DevOps Engineer,senior_developer,0.38931903,0.21824884414672852,44
Software Engineer,senior_developer,0.55193746,0.1977248191833496,30
DevOps Engineer,senior_developer,0.5745447,0.2412562370300293,113
Software Engineer,senior_developer,0.52680004,0.2363271713256836,89
Software Engineer,senior_developer,0.5318129,0.23918390274047852,109
Software Engineer,senior_developer,0.46243072,0.24239110946655273,155
DevOps Engineer,senior_developer,0.5226425,0.24702000617980957,173
Full Stack Developer,senior_developer,0.33213615,0.2725999355316162,7
DevOps Engineer,senior_developer,0.5927348,0.23705196380615234,86
Full Stack Developer,senior_developer,0.48840207,0.13626694679260254,2
Software Engineer,senior_developer,0.5302774,0.261368989944458,72
DevOps Engineer,senior_developer,0.43190306,0.2585458755493164,74
DevOps Engineer,senior_developer,0.28789335,0.2644808292388916,119
DevOps Engineer,senior_developer,0.35713738,0.24170494079589844,116
DevOps Engineer,senior_developer,0.51524395,0.2434368133544922,82
DevOps Engineer,senior_developer,0.5239765,0.24007606506347656,127
DevOps Engineer,senior_developer,0.5969892,0.10898399353027344,17
Software Engineer,senior_developer,0.4240623,0.07985901832580566,18
Software Engineer,senior_developer,0.38276124,0.2449939250946045,130
Software Engineer,senior_developer,0.44428465,0.24199700355529785,133
Full Stack Developer,senior_developer,0.36279547,0.2651987075805664,3
Full Stack Developer,senior_developer,0.45026594,0.268643856048584,8
Full Stack Developer,senior_developer,0.312375,0.26005983352661133,4
Software Engineer,senior_developer,0.45416853,0.25301313400268555,140
Software Engineer,senior_developer,0.41681075,0.2445681095123291,82
DevOps Engineer,senior_developer,0.23100716,0.2532782554626465,176
Full Stack Developer,senior_developer,0.37886125,0.1919851303100586,1
Full Stack Developer,senior_developer,0.4202388,0.2495276927947998,4
Full Stack Developer,senior_developer,0.39617044,0.3071129322052002,2
DevOps Engineer,senior_developer,0.3656804,0.24061083793640137,160
DevOps Engineer,senior_developer,0.59748757,0.2443249225616455,63
Full Stack Developer,senior_developer,0.37437522,0.2783489227294922,6
Software Engineer,senior_developer,0.4840607,0.23616814613342285,97
DevOps Engineer,senior_developer,0.36347884,0.28365015983581543,239
Full Stack Developer,senior_developer,0.48715287,0.14592790603637695,2
Full Stack Developer,senior_developer,0.38069707,0.27887988090515137,1
DevOps Engineer,senior_developer,0.549877,0.23949694633483887,159
Full Stack Developer,senior_developer,0.332636,0.2613489627838135,2
Software Engineer,senior_developer,0.4312725,0.23385405540466309,46
Software Engineer,senior_developer,0.45343736,0.24561500549316406,122
Full Stack Developer,senior_developer,0.39844295,0.24886083602905273,4
Software Engineer,senior_developer,0.51952827,0.23593425750732422,122
Software Engineer,senior_developer,0.29588348,0.24401307106018066,131
Software Engineer,senior_developer,0.45229298,0.24412298202514648,172
Software Engineer,senior_developer,0.49499285,0.13230371475219727,15
Software Engineer,senior_developer,0.475725,0.2077329158782959,55
Software Engineer,senior_developer,0.4423117,0.24787187576293945,87
Software Engineer,senior_developer,0.5641907,0.3013629913330078,130
Software Engineer,senior_developer,0.44008476,0.24805283546447754,100
DevOps Engineer,senior_developer,0.5292495,0.20337295532226562,36
Software Engineer,senior_developer,0.5115669,0.24543094635009766,61
Full Stack Developer,senior_developer,0.4075838,0.2895681858062744,5
DevOps Engineer,senior_developer,0.5571292,0.23810720443725586,68
DevOps Engineer,senior_developer,0.5103401,0.24129700660705566,59
Software Engineer,senior_developer,0.5085469,0.2413768768310547,60
Software Engineer,senior_developer,0.4254303,0.13666319847106934,29
Software Engineer,senior_developer,0.24867046,0.0874478816986084,7
Software Engineer,senior_developer,0.56038034,0.24503087997436523,104
Software Engineer,senior_developer,0.35932046,0.24430108070373535,103
Full Stack Developer,senior_developer,0.24713767,0.30728912353515625,6
Full Stack Developer,senior_developer,0.34481192,0.2963719367980957,13
DevOps Engineer,senior_developer,0.6185324,0.24048399925231934,44
Full Stack Developer,senior_developer,0.43466538,0.2516300678253174,4
Full Stack Developer,senior_developer,0.51982266,0.1847999095916748,1
DevOps Engineer,senior_developer,0.6277528,0.115142822265625,22
DevOps Engineer,senior_developer,0.5337713,0.20831894874572754,33
DevOps Engineer,senior_developer,0.520164,0.2433319091796875,126
Software Engineer,senior_developer,0.46929622,0.2412419319152832,103
Software Engineer,senior_developer,0.42256102,0.1256239414215088,20
DevOps Engineer,senior_developer,0.6103116,0.2432258129119873,75
Full Stack Developer,senior_developer,0.3756374,0.18918585777282715,1
Software Engineer,senior_developer,0.29474497,0.24477815628051758,173
Full Stack Developer,senior_developer,0.36114746,0.2995891571044922,3
Full Stack Developer,senior_developer,0.3775761,0.2642366886138916,3
Software Engineer,senior_developer,0.55413365,0.2398231029510498,116
Full Stack Developer,senior_developer,0.54409236,0.25929808616638184,3
Software Engineer,senior_developer,0.37514883,0.23844408988952637,63
Software Engineer,senior_developer,0.5019436,0.24976897239685059,215
Software Engineer,senior_developer,0.47851408,0.14409399032592773,17
DevOps Engineer,senior_developer,0.5594704,0.2379899024963379,51
DevOps Engineer,senior_developer,0.50974816,0.23673129081726074,124
DevOps Engineer,senior_developer,0.7001482,0.20664572715759277,48
Full Stack Developer,senior_developer,0.36509842,0.21876811981201172,1
Software Engineer,senior_developer,0.4221361,0.23669815063476562,52
Full Stack Developer,senior_developer,0.5322851,0.2720026969909668,1
Software Engineer,senior_developer,0.3658358,0.10707306861877441,8
Full Stack Developer,senior_developer,0.5061663,0.06494569778442383,1
DevOps Engineer,senior_developer,0.5346564,0.20941805839538574,45
DevOps Engineer,senior_developer,0.6492222,0.10724711418151855,12
Software Engineer,senior_developer,0.3475114,0.24557113647460938,140
DevOps Engineer,senior_developer,0.39431304,0.24107599258422852,76
Software Engineer,senior_developer,0.35494643,0.09728693962097168,9
Full Stack Developer,senior_developer,0.42982274,0.26317787170410156,4
Software Engineer,senior_developer,0.41548258,0.04665684700012207,6
DevOps Engineer,senior_developer,0.621109,0.24527287483215332,117
DevOps Engineer,senior_developer,0.5977236,0.18635082244873047,43
DevOps Engineer,senior_developer,0.5697723,0.09983420372009277,16
DevOps Engineer,senior_developer,0.4976311,0.24427509307861328,21
Full Stack Developer,senior_developer,0.35990414,0.25200772285461426,2
DevOps Engineer,senior_developer,0.35766673,0.23932790756225586,128
Software Engineer,senior_developer,0.30988568,0.23766398429870605,49
DevOps Engineer,senior_developer,0.5174314,0.21573686599731445,38
Software Engineer,senior_developer,0.3980987,0.08594679832458496,16
Full Stack Developer,senior_developer,0.38337493,0.2672750949859619,2
DevOps Engineer,senior_developer,0.49319348,0.23989009857177734,87
DevOps Engineer,senior_developer,0.5518134,0.23926782608032227,42
Full Stack Developer,senior_developer,0.49715775,0.257565975189209,2
Software Engineer,senior_developer,0.50164145,0.2493147850036621,155
DevOps Engineer,senior_developer,0.50533813,0.23839473724365234,90
DevOps Engineer,senior_developer,0.52793205,0.24414896965026855,116
DevOps Engineer,senior_developer,0.5696337,0.2402949333190918,73
Full Stack Developer,senior_developer,0.42573103,0.2677760124206543,6
DevOps Engineer,senior_developer,0.46999004,0.23748993873596191,65
Full Stack Developer,senior_developer,0.4052172,0.2591571807861328,3
Software Engineer,senior_developer,0.3952796,0.07033324241638184,11
Software Engineer,senior_developer,0.5008516,0.12664484977722168,19
Full Stack Developer,senior_developer,0.5420082,0.262650728225708,20
Software Engineer,senior_developer,0.18633367,0.24758291244506836,183
Software Engineer,senior_developer,0.47039622,0.2416541576385498,50
Software Engineer,senior_developer,0.57082427,0.1865541934967041,39
Full Stack Developer,senior_developer,0.4031428,0.2588160037994385,3
Full Stack Developer,senior_developer,0.47392875,0.25962281227111816,5
DevOps Engineer,senior_developer,0.49288702,0.08406710624694824,11
DevOps Engineer,senior_developer,0.5575424,0.13954377174377441,23
DevOps Engineer,senior_developer,0.5444361,0.06440401077270508,10
DevOps Engineer,senior_developer,0.47001824,0.1867988109588623,42
Full Stack Developer,senior_developer,0.27894223,0.18431305885314941,3
DevOps Engineer,senior_developer,0.50373995,0.24212193489074707,92
DevOps Engineer,senior_developer,0.64445865,0.2735443115234375,65
Full Stack Developer,senior_developer,0.3464859,0.2926039695739746,3
Full Stack Developer,senior_developer,0.21305983,0.2741072177886963,2
Software Engineer,senior_developer,0.60582906,0.23341703414916992,55
DevOps Engineer,senior_developer,0.43656662,0.24372386932373047,149
Full Stack Developer,senior_developer,0.5288947,0.18113207817077637,1
Software Engineer,senior_developer,0.55611354,0.33794093132019043,78
Full Stack Developer,senior_developer,0.41515106,0.27741384506225586,4
Full Stack Developer,senior_developer,0.39773926,0.25322794914245605,4
Full Stack Developer,senior_developer,0.48789394,0.15685105323791504,2
Full Stack Developer,senior_developer,0.38836163,0.21867704391479492,3
Software Engineer,senior_developer,0.5316306,0.2648591995239258,145
Full Stack Developer,senior_developer,0.35137427,0.24780797958374023,7
Software Engineer,senior_developer,0.56333995,0.16631031036376953,43
Full Stack Developer,senior_developer,0.4186812,0.3271057605743408,3
Full Stack Developer,senior_developer,0.41185492,0.22439885139465332,2
DevOps Engineer,senior_developer,0.5952605,0.24146366119384766,138
DevOps Engineer,senior_developer,0.5731195,0.2425401210784912,59
Software Engineer,senior_developer,0.48495448,0.24266791343688965,87
Full Stack Developer,senior_developer,0.41016483,0.17174100875854492,1
Full Stack Developer,senior_developer,0.43649873,0.18019914627075195,1
DevOps Engineer,senior_developer,0.6005548,0.23419904708862305,70
Software Engineer,senior_developer,0.18980005,0.2467479705810547,165
DevOps Engineer,senior_developer,0.5178704,0.2531590461730957,129
DevOps Engineer,senior_developer,0.5413375,0.24625301361083984,134
DevOps Engineer,senior_developer,0.48660415,0.24146699905395508,51
Software Engineer,senior_developer,0.3490001,0.24537181854248047,147
Software Engineer,senior_developer,0.35826987,0.07879304885864258,15
DevOps Engineer,senior_developer,0.56776667,0.22759032249450684,32
Software Engineer,senior_developer,0.3390493,0.24518609046936035,160
Software Engineer,senior_developer,0.5929147,0.17458820343017578,40
Full Stack Developer,senior_developer,0.3790534,0.24892115592956543,5
Software Engineer,senior_developer,0.5666174,0.23892807960510254,170
Software Engineer,senior_developer,0.38256532,0.24231982231140137,68
Full Stack Developer,senior_developer,0.44573736,0.16729497909545898,6
Software Engineer,senior_developer,0.39300823,0.2434689998626709,182
Software Engineer,senior_developer,0.39274997,0.2581171989440918,124
DevOps Engineer,senior_developer,0.6086215,0.1512451171875,18
Full Stack Developer,senior_developer,0.42424265,0.32671475410461426,1
DevOps Engineer,senior_developer,0.62631655,0.12304186820983887,31
DevOps Engineer,senior_developer,0.5816835,0.23298931121826172,131
DevOps Engineer,senior_developer,0.50947005,0.2420508861541748,104
DevOps Engineer,senior_developer,0.50105095,0.2358837127685547,49
Full Stack Developer,senior_developer,0.44484574,0.2557408809661865,8
Software Engineer,senior_developer,0.33546197,0.24490594863891602,163
DevOps Engineer,senior_developer,0.35645333,0.2508230209350586,140
DevOps Engineer,senior_developer,0.56098473,0.2581748962402344,156
DevOps Engineer,senior_developer,0.50444734,0.21026015281677246,48
Software Engineer,senior_developer,0.3457115,0.2464618682861328,139
Full Stack Developer,senior_developer,0.3958919,0.23208189010620117,2
Software Engineer,senior_developer,0.54437447,0.24207615852355957,170
Software Engineer,senior_developer,0.38122115,0.23809361457824707,39
Software Engineer,senior_developer,0.45333615,0.24602508544921875,184
Software Engineer,senior_developer,0.4934432,0.24101614952087402,105
DevOps Engineer,senior_developer,0.36893317,0.260789155960083,233
DevOps Engineer,senior_developer,0.4804331,0.23807096481323242,86
DevOps Engineer,senior_developer,0.51503843,0.2398848533630371,117
Software Engineer,senior_developer,0.43394026,0.26439690589904785,81
Software Engineer,senior_developer,0.4757203,0.24364900588989258,69
Full Stack Developer,senior_developer,0.5503698,0.12086892127990723,1
DevOps Engineer,senior_developer,0.5430291,0.23942208290100098,51
Software Engineer,senior_developer,0.37809536,0.24736785888671875,156
Full Stack Developer,senior_developer,0.33278567,0.2659730911254883,2
DevOps Engineer,senior_developer,0.47875834,0.23974108695983887,88
DevOps Engineer,senior_developer,0.5994356,0.13962411880493164,28
Software Engineer,senior_developer,0.43379003,0.23783302307128906,51
Full Stack Developer,senior_developer,0.4521338,0.21331405639648438,2
DevOps Engineer,senior_developer,0.47303873,0.15764784812927246,21
DevOps Engineer,senior_developer,0.3983826,0.2471451759338379,109
Software Engineer,senior_developer,0.45186973,0.2394886016845703,93
Full Stack Developer,senior_developer,0.534463,0.25589919090270996,4
Software Engineer,senior_developer,0.38647416,0.23649311065673828,101
Software Engineer,senior_developer,0.572212,0.24382996559143066,116
Full Stack Developer,senior_developer,0.38718942,0.26811885833740234,3
Software Engineer,senior_developer,0.57190907,0.23670315742492676,61
DevOps Engineer,senior_developer,0.4548181,0.24739885330200195,122
Full Stack Developer,senior_developer,0.3528767,0.2502310276031494,3
Software Engineer,senior_developer,0.36800438,0.24338364601135254,139
DevOps Engineer,senior_developer,0.560104,0.24880409240722656,48
Software Engineer,senior_developer,0.47493035,0.04832196235656738,2
DevOps Engineer,senior_developer,0.4553527,0.23952627182006836,101
DevOps Engineer,senior_developer,0.5635623,0.23688411712646484,111
DevOps Engineer,senior_developer,0.6536964,0.148939847946167,25
Full Stack Developer,senior_developer,0.4102228,0.26253199577331543,2
Software Engineer,senior_developer,0.5019823,0.2419261932373047,159
DevOps Engineer,senior_developer,0.2733364,0.2788519859313965,316
DevOps Engineer,senior_developer,0.5309006,0.28585386276245117,281
Full Stack Developer,senior_developer,0.4163751,0.06211996078491211,2
Full Stack Developer,senior_developer,0.49212173,0.11198687553405762,5
Software Engineer,senior_developer,0.39522332,0.10440397262573242,10
Software Engineer,senior_developer,0.39520708,0.2123408317565918,41
DevOps Engineer,senior_developer,0.5574169,0.2394707202911377,66
Full Stack Developer,senior_developer,0.36821187,0.27582287788391113,2
DevOps Engineer,senior_developer,0.4777041,0.24149703979492188,112
Software Engineer,senior_developer,0.3746678,0.2424759864807129,142
DevOps Engineer,senior_developer,0.4526868,0.24545884132385254,82
Full Stack Developer,senior_developer,0.4564751,0.25956082344055176,4
DevOps Engineer,senior_developer,0.48448318,0.2335212230682373,77
Software Engineer,senior_developer,0.4224633,0.2484722137451172,115
DevOps Engineer,senior_developer,0.49645483,0.23717594146728516,73
DevOps Engineer,senior_developer,0.37382746,0.2414381504058838,104
DevOps Engineer,senior_developer,0.5393961,0.2377331256866455,69
DevOps Engineer,senior_developer,0.6267675,0.13208794593811035,20
DevOps Engineer,senior_developer,0.48883852,0.24005627632141113,76
DevOps Engineer,senior_developer,0.42569777,0.23748993873596191,69
Full Stack Developer,senior_developer,0.3754079,0.2501261234283447,1
Software Engineer,senior_developer,0.49983093,0.2348003387451172,72
DevOps Engineer,senior_developer,0.3089791,0.2464280128479004,132
DevOps Engineer,senior_developer,0.6347271,0.24702715873718262,103
Software Engineer,senior_developer,0.52396274,0.23667216300964355,90
Software Engineer,senior_developer,0.46567437,0.24465608596801758,105
Full Stack Developer,senior_developer,0.41687396,0.2815549373626709,1
Software Engineer,senior_developer,0.29041904,0.13997316360473633,41
DevOps Engineer,senior_developer,0.49336228,0.27072620391845703,207
Full Stack Developer,senior_developer,0.41518694,0.16811013221740723,3
Software Engineer,senior_developer,0.35205647,0.24544405937194824,211
Software Engineer,senior_developer,0.46900284,0.12429213523864746,17
Software Engineer,senior_developer,0.18455893,0.04413008689880371,1
Software Engineer,senior_developer,0.57784325,0.23934197425842285,128
Software Engineer,senior_developer,0.5105971,0.24397993087768555,75
Software Engineer,senior_developer,0.39928865,0.24308109283447266,178
DevOps Engineer,senior_developer,0.55451936,0.24902606010437012,157
DevOps Engineer,senior_developer,0.60666096,0.18233895301818848,32
DevOps Engineer,senior_developer,0.3892988,0.24274611473083496,122
Full Stack Developer,senior_developer,0.5108174,0.2503232955932617,4
Full Stack Developer,senior_developer,0.43392867,0.28223419189453125,2
Software Engineer,senior_developer,0.56724644,0.23714828491210938,81
Full Stack Developer,senior_developer,0.43812135,0.2630138397216797,2
Full Stack Developer,senior_developer,0.33752006,0.3011291027069092,4
Full Stack Developer,senior_developer,0.39845052,0.26273393630981445,5
DevOps Engineer,senior_developer,0.5264033,0.24807310104370117,210
Software Engineer,senior_developer,0.548944,0.2375478744506836,74
DevOps Engineer,senior_developer,0.5303841,0.24213314056396484,154
Full Stack Developer,senior_developer,0.2376228,0.2908468246459961,7
DevOps Engineer,senior_developer,0.531327,0.4046049118041992,63
DevOps Engineer,senior_developer,0.49467206,0.3319697380065918,144
Software Engineer,senior_developer,0.52950937,0.36069488525390625,111
Full Stack Developer,senior_developer,0.34788635,0.4808499813079834,1
DevOps Engineer,senior_developer,0.5446752,0.33594393730163574,55
Full Stack Developer,senior_developer,0.5798776,0.5379328727722168,3
DevOps Engineer,senior_developer,0.54334766,0.4931159019470215,78
DevOps Engineer,senior_developer,0.5432552,0.14699983596801758,28
Software Engineer,senior_developer,0.4142269,0.2990531921386719,97
Software Engineer,senior_developer,0.66667736,0.339702844619751,113
Software Engineer,senior_developer,0.54255617,0.311931848526001,95
DevOps Engineer,senior_developer,0.4995079,0.2394089698791504,155
DevOps Engineer,senior_developer,0.3994162,0.24123096466064453,118
Full Stack Developer,senior_developer,0.33280712,0.24753475189208984,2
Full Stack Developer,senior_developer,0.46776652,0.16951704025268555,3
Software Engineer,senior_developer,0.5473911,0.2762622833251953,104
Software Engineer,senior_developer,0.49109545,0.2541680335998535,81
Software Engineer,senior_developer,0.3048752,0.26602911949157715,259
DevOps Engineer,senior_developer,0.5086696,0.26656532287597656,100
Software Engineer,senior_developer,0.52889585,0.25408220291137695,114
DevOps Engineer,senior_developer,0.561502,0.2762589454650879,110
DevOps Engineer,senior_developer,0.4614408,0.5546908378601074,61
Software Engineer,senior_developer,0.5035018,0.35161805152893066,48
Software Engineer,senior_developer,0.4516133,0.28484368324279785,31
Full Stack Developer,senior_developer,0.3632667,0.4594540596008301,3
Software Engineer,senior_developer,0.2969232,0.5785839557647705,128
Software Engineer,senior_developer,0.4117884,0.48160672187805176,102
Full Stack Developer,senior_developer,0.5081402,0.26439690589904785,1
Software Engineer,senior_developer,0.43014458,0.29602885246276855,64
Full Stack Developer,senior_developer,0.42646623,0.33413004875183105,8
DevOps Engineer,senior_developer,0.53607476,0.19985222816467285,80
Software Engineer,senior_developer,0.46780652,0.20682907104492188,171
DevOps Engineer,senior_developer,0.61446846,0.1955420970916748,27
DevOps Engineer,senior_developer,0.55289656,0.09745192527770996,12
Full Stack Developer,senior_developer,0.51939356,0.17432808876037598,1
DevOps Engineer,senior_developer,0.41381243,0.11834406852722168,2
DevOps Engineer,senior_developer,0.41436088,0.2877349853515625,261
Full Stack Developer,senior_developer,0.50951374,0.1411428451538086,4
Full Stack Developer,senior_developer,0.40574256,0.24464797973632812,2
DevOps Engineer,senior_developer,0.4841048,0.2507152557373047,145
DevOps Engineer,senior_developer,0.64910465,0.20724010467529297,147
Software Engineer,senior_developer,0.4719159,0.20379114151000977,141
Software Engineer,senior_developer,0.2987782,0.21970772743225098,174
Software Engineer,senior_developer,0.54428864,0.1997213363647461,110
Software Engineer,senior_developer,0.43250066,0.21579504013061523,115
Full Stack Developer,senior_developer,0.3719587,0.2201240062713623,9
DevOps Engineer,senior_developer,0.5963408,0.1915912628173828,39
DevOps Engineer,senior_developer,0.49865472,0.19351983070373535,57
Software Engineer,senior_developer,0.40349445,0.20129108428955078,87
Software Engineer,senior_developer,0.60170996,0.20192933082580566,152
Software Engineer,senior_developer,0.4687723,0.2091529369354248,168
Full Stack Developer,senior_developer,0.38613066,0.22412610054016113,4
DevOps Engineer,senior_developer,0.62103045,0.2082369327545166,53
Full Stack Developer,senior_developer,0.48057234,0.30295705795288086,1
Software Engineer,senior_developer,0.36516637,0.32231593132019043,95
Software Engineer,senior_developer,0.4172417,0.305225133895874,79
DevOps Engineer,senior_developer,0.45703328,0.3041870594024658,133
DevOps Engineer,senior_developer,0.4633718,0.1746501922607422,20
Full Stack Developer,senior_developer,0.61572206,0.13389325141906738,3
Software Engineer,senior_developer,0.5629228,0.2950458526611328,48
Full Stack Developer,senior_developer,0.46178293,0.30982398986816406,7
Full Stack Developer,senior_developer,0.43609378,0.30802297592163086,3
DevOps Engineer,senior_developer,0.525522,0.3023719787597656,101
Full Stack Developer,senior_developer,0.46815795,0.31804704666137695,6
Full Stack Developer,senior_developer,0.51390266,0.15894603729248047,5
